운행기록데이터 바디 항목,일일주행거리(KM),누적운행거리(KM),정보발생일시,운행속도(KMH),RPM,브레이크신호,시작GPS(X좌표),시작GPS(Y좌표),GPS방위각,가속도 Vx,가속도 Vy,통신상태코드,운행지역코드
운행기록데이터 바디,7,97703,2025020608272200,43,1059,1,126889400,37652552,257,-1.2,-1.8,0,4128111100
운행기록데이터 바디,7,97703,2025020608272300,41,1000,1,126889272,37652532,256,-1.2,-2.5,0,4128111100
운행기록데이터 바디,7,97703,2025020608272400,39,921,1,126889160,37652508,254,-3.1,-1.8,0,4128111100
운행기록데이터 바디,7,97703,2025020608272500,37,846,1,126889056,37652484,253,-3.1,-1.8,0,4128111100
운행기록데이터 바디,7,97703,2025020608272600,34,746,1,126888960,37652460,252,-1.8,-0.6,0,4128111100
운행기록데이터 바디,7,97703,2025020608272700,31,669,1,126888880,37652444,253,-1.8,-0.6,0,4128111100
운행기록데이터 바디,7,97703,2025020608272800,27,673,1,126888808,37652424,252,-1.2,-0.6,0,4128111100
운행기록데이터 바디,7,97703,2025020608272900,23,663,1,126888752,37652408,254,-1.2,-0.6,0,4128111100
운행기록데이터 바디,7,97703,2025020608273000,20,657,1,126888712,37652400,254,-1.2,-1.2,0,4128111100
운행기록데이터 바디,7,97703,2025020608273100,17,656,1,126888680,37652392,255,-1.2,-0.6,0,4128111100
운행기록데이터 바디,7,97703,2025020608273200,14,652,1,126888648,37652380,254,-1.2,-0.6,0,4128111100
운행기록데이터 바디,7,97703,2025020608273300,11,651,1,126888632,37652376,251,-0.6,-0.6,0,4128111100
운행기록데이터 바디,7,97703,2025020608273400,9,651,1,126888616,37652372,251,0.0,-0.6,0,4128111100
운행기록데이터 바디,7,97703,2025020608273500,7,655,1,126888608,37652368,251,0.0,-0.6,0,4128111100
운행기록데이터 바디,7,97703,2025020608273600,6,654,0,126888600,37652364,251,0.0,-0.6,0,4128111100
운행기록데이터 바디,7,97703,2025020608273700,5,650,0,126888600,37652364,251,0.0,-0.6,0,4128111100
운행기록데이터 바디,7,97703,2025020608273800,4,693,0,126888600,37652364,251,2.5,0.0,0,4128111100
운행기록데이터 바디,7,97703,2025020608273900,3,613,0,126888600,37652364,251,2.5,-0.6,0,4128111100
운행기록데이터 바디,7,97703,2025020608274000,3,861,0,126888600,37652364,251,2.5,0.0,0,4128111100
운행기록데이터 바디,7,97703,2025020608274100,4,945,0,126888600,37652364,251,1.2,-0.6,0,4128111100
운행기록데이터 바디,7,97703,2025020608274200,6,791,0,126888600,37652364,251,2.5,-1.2,0,4128111100
운행기록데이터 바디,7,97703,2025020608274300,9,818,0,126888504,37652356,259,2.5,-1.2,0,4128111100
운행기록데이터 바디,7,97703,2025020608274400,12,972,0,126888448,37652344,253,1.8,-1.8,0,4128111100
운행기록데이터 바디,7,97703,2025020608274500,16,995,0,126888392,37652328,245,1.2,-1.8,0,4128111100
운행기록데이터 바디,7,97703,2025020608274600,19,978,0,126888328,37652300,236,1.8,-2.5,0,4128111100
운행기록데이터 바디,7,97703,2025020608274700,20,980,0,126888280,37652264,222,-1.2,-2.5,0,4128111100
운행기록데이터 바디,7,97703,2025020608274800,20,986,0,126888248,37652220,208,1.2,-2.5,0,4128111100
운행기록데이터 바디,7,97703,2025020608274900,21,923,1,126888224,37652172,194,-1.8,-1.2,0,4128111100
운행기록데이터 바디,7,97703,2025020608275000,20,799,1,126888208,37652120,182,2.5,-1.8,0,4128111100
운행기록데이터 바디,7,97703,2025020608275100,19,859,0,126888200,37652072,174,2.5,-3.1,0,4128111100
운행기록데이터 바디,7,97703,2025020608275200,18,984,0,126888208,37652028,168,2.5,-3.1,0,4128111100
운행기록데이터 바디,7,97703,2025020608275300,19,1100,0,126888216,37651980,163,3.1,-1.8,0,4128111100
운행기록데이터 바디,7,97703,2025020608275400,21,1222,0,126888240,37651928,156,2.5,-1.2,0,4128111100
운행기록데이터 바디,7,97703,2025020608275500,23,1337,0,126888264,37651872,153,2.5,-1.8,0,4128111100
운행기록데이터 바디,7,97703,2025020608275600,26,1390,0,126888296,37651812,152,3.1,-2.5,0,4128111100
운행기록데이터 바디,7,97703,2025020608275700,28,1100,0,126888328,37651748,159,1.8,-1.2,0,4128111100
운행기록데이터 바디,7,97703,2025020608275800,29,862,0,126888352,37651688,161,1.8,-1.2,0,4128111100
운행기록데이터 바디,7,97703,2025020608275900,29,823,0,126888392,37651640,157,2.5,-1.8,0,4128111100
운행기록데이터 바디,7,97703,2025020608280000,30,833,0,126888424,37651576,156,1.8,-1.2,0,4128111100
운행기록데이터 바디,7,97703,2025020608280100,31,810,1,126888472,37651508,155,1.2,-1.8,0,4128111100
운행기록데이터 바디,7,97703,2025020608280200,31,749,1,126888512,37651444,153,-1.2,-1.8,0,4128111100
운행기록데이터 바디,7,97703,2025020608280300,30,713,1,126888552,37651372,152,-1.2,-1.2,0,4128111100
운행기록데이터 바디,7,97703,2025020608280400,28,682,1,126888584,37651308,153,-1.8,-0.6,0,4128111100
운행기록데이터 바디,7,97703,2025020608280500,25,663,1,126888608,37651256,156,-1.8,-0.6,0,4128111100
운행기록데이터 바디,7,97703,2025020608280600,22,656,1,126888632,37651204,157,-1.2,-0.6,0,4128111100
운행기록데이터 바디,7,97703,2025020608280700,18,653,1,126888648,37651164,156,1.2,-0.6,0,4128111100
운행기록데이터 바디,7,97703,2025020608280800,15,650,1,126888664,37651140,154,0.0,-0.6,0,4128111100
운행기록데이터 바디,7,97703,2025020608280900,13,651,0,126888680,37651124,152,0.0,-0.6,0,4128111100
운행기록데이터 바디,7,97703,2025020608281000,11,649,1,126888688,37651104,155,-1.2,-0.6,0,4128111100
운행기록데이터 바디,7,97703,2025020608281100,9,650,1,126888704,37651096,157,0.0,-0.6,0,4128111100
운행기록데이터 바디,7,97703,2025020608281200,8,649,1,126888720,37651092,148,0.0,-0.6,0,4128111100
운행기록데이터 바디,7,97703,2025020608281300,5,649,1,126888728,37651092,148,1.8,-0.6,0,4128111100
운행기록데이터 바디,7,97703,2025020608281400,2,650,1,126888728,37651092,148,1.2,-0.6,0,4128111100
운행기록데이터 바디,7,97703,2025020608281500,0,650,1,126888728,37651092,148,1.2,-0.6,0,4128111100
운행기록데이터 바디,7,97703,2025020608281600,0,650,1,126888728,37651092,148,1.2,-0.6,0,4128111100
운행기록데이터 바디,7,97703,2025020608281700,0,649,1,126888728,37651092,148,1.2,-0.6,0,4128111100
운행기록데이터 바디,7,97703,2025020608281800,0,649,1,126888728,37651092,148,1.2,-0.6,0,4128111100
운행기록데이터 바디,7,97703,2025020608281900,0,649,1,126888728,37651092,148,1.2,-0.6,0,4128111100
운행기록데이터 바디,7,97703,2025020608282000,0,649,1,126888728,37651092,148,1.2,-0.6,0,4128111100
운행기록데이터 바디,7,97703,2025020608282100,0,649,1,126888728,37651092,148,1.2,-0.6,0,4128111100
운행기록데이터 바디,7,97703,2025020608282200,0,648,1,126888728,37651092,148,1.2,-0.6,0,4128111100
운행기록데이터 바디,7,97703,2025020608282300,0,649,1,126888728,37651092,148,1.2,-0.6,0,4128111100
운행기록데이터 바디,7,97703,2025020608282400,0,649,1,126888728,37651092,148,1.2,-0.6,0,4128111100
운행기록데이터 바디,7,97703,2025020608282500,0,650,1,126888728,37651092,148,1.2,-0.6,0,4128111100
운행기록데이터 바디,7,97703,2025020608282600,0,650,1,126888728,37651092,148,1.2,-0.6,0,4128111100
운행기록데이터 바디,7,97703,2025020608282700,0,649,1,126888728,37651092,148,1.2,-0.6,0,4128111100
운행기록데이터 바디,7,97703,2025020608282800,0,650,1,126888728,37651092,148,1.2,-0.6,0,4128111100
운행기록데이터 바디,7,97703,2025020608282900,0,650,1,126888728,37651092,148,1.2,-0.6,0,4128111100
운행기록데이터 바디,7,97703,2025020608283000,0,650,1,126888728,37651092,148,1.2,-0.6,0,4128111100
운행기록데이터 바디,7,97703,2025020608283100,0,650,1,126888728,37651092,148,1.2,-0.6,0,4128111100
운행기록데이터 바디,7,97703,2025020608283200,0,648,1,126888728,37651092,148,1.2,-0.6,0,4128111100
운행기록데이터 바디,7,97703,2025020608283300,0,650,1,126888728,37651092,148,1.2,-0.6,0,4128111100
운행기록데이터 바디,7,97703,2025020608283400,0,650,1,126888728,37651092,148,1.2,-0.6,0,4128111100
운행기록데이터 바디,7,97703,2025020608283500,0,650,1,126888728,37651092,148,1.2,-0.6,0,4128111100
운행기록데이터 바디,7,97703,2025020608283600,0,650,1,126888728,37651092,148,1.2,-0.6,0,4128111100
운행기록데이터 바디,7,97703,2025020608283700,0,649,1,126888728,37651092,148,1.2,-0.6,0,4128111100
운행기록데이터 바디,7,97703,2025020608283800,0,650,1,126888728,37651092,148,1.2,-0.6,0,4128111100
운행기록데이터 바디,7,97703,2025020608283900,0,650,1,126888728,37651092,148,1.2,-0.6,0,4128111100
운행기록데이터 바디,7,97703,2025020608284000,0,650,1,126888728,37651092,148,1.2,-0.6,0,4128111100
운행기록데이터 바디,7,97703,2025020608284100,0,650,1,126888728,37651092,148,1.2,-0.6,0,4128111100
운행기록데이터 바디,7,97703,2025020608284200,0,649,1,126888728,37651092,148,1.2,-0.6,0,4128111100
운행기록데이터 바디,7,97703,2025020608284300,0,650,1,126888728,37651092,148,1.2,-0.6,0,4128111100
운행기록데이터 바디,7,97703,2025020608284400,0,650,1,126888728,37651092,148,1.2,-0.6,0,4128111100
운행기록데이터 바디,7,97703,2025020608284500,0,650,1,126888728,37651092,148,1.2,-0.6,0,4128111100
운행기록데이터 바디,7,97703,2025020608284600,0,650,1,126888728,37651092,148,1.2,-0.6,0,4128111100
운행기록데이터 바디,7,97703,2025020608284700,0,649,1,126888728,37651092,148,1.2,-0.6,0,4128111100
운행기록데이터 바디,7,97703,2025020608284800,0,649,1,126888728,37651092,148,1.2,-0.6,0,4128111100
운행기록데이터 바디,7,97703,2025020608284900,0,650,1,126888728,37651092,148,1.2,-0.6,0,4128111100
운행기록데이터 바디,7,97703,2025020608285000,0,650,1,126888728,37651092,148,1.2,-0.6,0,4128111100
운행기록데이터 바디,7,97703,2025020608285100,0,650,1,126888728,37651092,148,1.2,-0.6,0,4128111100
운행기록데이터 바디,7,97703,2025020608285200,0,649,1,126888728,37651092,148,1.2,-0.6,0,4128111100
운행기록데이터 바디,7,97703,2025020608285300,0,649,1,126888728,37651092,148,1.2,-0.6,0,4128111100
운행기록데이터 바디,7,97703,2025020608285400,0,650,1,126888728,37651092,148,1.2,-0.6,0,4128111100
운행기록데이터 바디,7,97703,2025020608285500,0,650,1,126888728,37651092,148,1.2,-0.6,0,4128111100
운행기록데이터 바디,7,97703,2025020608285600,0,650,1,126888728,37651092,148,1.2,-0.6,0,4128111100
운행기록데이터 바디,7,97703,2025020608285700,0,649,1,126888728,37651092,148,1.2,-0.6,0,4128111100
운행기록데이터 바디,7,97703,2025020608285800,0,650,1,126888728,37651092,148,1.2,-0.6,0,4128111100
운행기록데이터 바디,7,97703,2025020608285900,0,650,1,126888728,37651092,148,1.2,-0.6,0,4128111100
운행기록데이터 바디,7,97703,2025020608290000,0,643,1,126888728,37651092,148,1.2,-0.6,0,4128111100
운행기록데이터 바디,7,97703,2025020608290100,0,696,1,126888728,37651092,148,1.8,-0.6,0,4128111100
운행기록데이터 바디,7,97703,2025020608290200,0,845,0,126888728,37651092,148,4.9,-0.6,0,4128111100
운행기록데이터 바디,7,97703,2025020608290300,0,1194,0,126888728,37651092,148,2.5,-1.2,0,4128111100
운행기록데이터 바디,7,97703,2025020608290400,1,1591,0,126888728,37651092,148,2.5,-0.6,0,4128111100
운행기록데이터 바디,7,97703,2025020608290500,3,1204,0,126888728,37651092,148,3.1,-1.2,0,4128111100
운행기록데이터 바디,7,97703,2025020608290600,5,1346,0,126888728,37651092,148,2.5,-1.2,0,4128111100
운행기록데이터 바디,7,97703,2025020608290700,9,1511,0,126888728,37651092,148,2.5,-1.2,0,4128111100
운행기록데이터 바디,7,97703,2025020608290800,13,1065,0,126888776,37651028,162,2.5,-1.2,0,4128111100
운행기록데이터 바디,7,97703,2025020608290900,17,944,0,126888816,37650932,157,4.9,-1.2,0,4128111100
운행기록데이터 바디,7,97703,2025020608291000,19,1028,0,126888832,37650876,157,3.7,1.2,0,4128111100
운행기록데이터 바디,7,97703,2025020608291100,20,1162,0,126888856,37650820,160,2.5,0.0,0,4128111100
운행기록데이터 바디,7,97703,2025020608291200,22,1136,1,126888872,37650760,162,-0.6,-0.6,0,4128111100
운행기록데이터 바디,7,97703,2025020608291300,23,1050,0,126888904,37650700,158,0.0,-1.2,0,4128111100
운행기록데이터 바디,7,97703,2025020608291400,23,1002,0,126888920,37650652,160,-4.9,-1.2,0,4128111100
운행기록데이터 바디,7,97703,2025020608291500,22,996,0,126888952,37650612,156,3.7,-1.8,0,4128111100
운행기록데이터 바디,7,97703,2025020608291600,21,1102,0,126888976,37650568,155,2.5,-1.2,0,4128111100
운행기록데이터 바디,7,97703,2025020608291700,22,1271,0,126889000,37650520,159,3.1,-1.2,0,4128111100
운행기록데이터 바디,7,97703,2025020608291800,24,1472,0,126889040,37650460,158,3.1,2.5,0,4128111100
운행기록데이터 바디,7,97703,2025020608291900,27,1603,0,126889080,37650388,155,-4.9,-1.8,0,4128111100
운행기록데이터 바디,7,97703,2025020608292000,31,1582,0,126889136,37650308,156,4.9,-2.5,0,4128111100
운행기록데이터 바디,7,97703,2025020608292100,34,1153,0,126889176,37650224,155,4.9,-1.8,0,4128111100
운행기록데이터 바디,7,97703,2025020608292200,35,983,0,126889224,37650136,156,3.7,-3.1,0,4128111100
운행기록데이터 바디,7,97703,2025020608292300,35,975,0,126889280,37650044,156,4.9,-1.2,0,4128111100
운행기록데이터 바디,7,97703,2025020608292400,36,1028,0,126889328,37649956,156,3.1,-2.5,0,4128111100
운행기록데이터 바디,7,97703,2025020608292500,37,1053,0,126889384,37649868,156,-2.5,-1.2,0,4128111100
운행기록데이터 바디,7,97703,2025020608292600,39,1033,0,126889440,37649772,155,8.6,-2.5,0,4128111100
운행기록데이터 바디,7,97703,2025020608292700,39,1042,0,126889504,37649680,154,4.9,-1.8,0,4128111100
운행기록데이터 바디,7,97703,2025020608292800,39,1088,0,126889552,37649584,155,2.5,-1.2,0,4128111100
운행기록데이터 바디,7,97703,2025020608292900,40,1164,0,126889600,37649492,156,1.8,-1.2,0,4128111100
운행기록데이터 바디,7,97703,2025020608293000,42,1221,0,126889656,37649392,155,1.8,-1.2,0,4128111100
운행기록데이터 바디,7,97703,2025020608293100,44,1192,1,126889712,37649288,155,-1.2,-1.2,0,4128111100
운행기록데이터 바디,7,97703,2025020608293200,45,1116,1,126889768,37649184,155,-1.8,-1.8,0,4128111100
운행기록데이터 바디,7,97703,2025020608293300,44,1026,1,126889824,37649084,154,-1.8,-1.8,0,4128111100
운행기록데이터 바디,8,97703,2025020608293400,41,946,1,126889880,37649000,154,-1.8,-1.2,0,4128111100
운행기록데이터 바디,8,97703,2025020608293500,37,1144,1,126889920,37648916,153,-1.8,-0.6,0,4128111100
운행기록데이터 바디,8,97703,2025020608293600,33,1144,1,126889960,37648844,152,-4.9,-2.5,0,4128111100
운행기록데이터 바디,8,97703,2025020608293700,29,1040,0,126890000,37648784,151,3.7,-2.5,0,4128111100
운행기록데이터 바디,8,97703,2025020608293800,25,1009,1,126890032,37648736,152,0.0,-0.6,0,4128111200
운행기록데이터 바디,8,97703,2025020608293900,22,937,1,126890056,37648688,154,-1.2,-1.2,0,4128111200
운행기록데이터 바디,8,97703,2025020608294000,21,825,1,126890072,37648644,156,-1.8,1.8,0,4128111200
운행기록데이터 바디,8,97703,2025020608294100,19,740,1,126890088,37648596,160,-1.2,1.8,0,4128111200
운행기록데이터 바디,8,97703,2025020608294200,18,697,0,126890104,37648556,169,-3.1,1.8,0,4128111200
운행기록데이터 바디,8,97703,2025020608294300,16,691,0,126890096,37648516,178,-1.8,1.8,0,4128111200
운행기록데이터 바디,8,97703,2025020608294400,15,739,0,126890040,37648504,231,-1.8,1.8,0,4128111200
운행기록데이터 바디,8,97703,2025020608294500,15,870,0,126889984,37648488,251,1.8,-1.2,0,4128111100
운행기록데이터 바디,8,97703,2025020608294600,16,1060,0,126889920,37648480,257,2.5,-1.2,0,4128111100
운행기록데이터 바디,8,97703,2025020608294700,18,1231,0,126889856,37648460,251,1.2,-1.2,0,4128111100
운행기록데이터 바디,8,97703,2025020608294800,22,1313,0,126889784,37648440,250,2.5,-1.2,0,4128111100
운행기록데이터 바디,8,97703,2025020608294900,25,1337,0,126889712,37648416,249,1.8,-1.2,0,4128111100
운행기록데이터 바디,8,97703,2025020608295000,27,1326,0,126889624,37648384,247,1.2,-0.6,0,4128111100
운행기록데이터 바디,8,97703,2025020608295100,28,1297,0,126889552,37648356,246,1.2,-0.6,0,4128111100
운행기록데이터 바디,8,97703,2025020608295200,28,1243,0,126889472,37648328,243,-1.2,-0.6,0,4128111100
운행기록데이터 바디,8,97703,2025020608295300,27,1185,1,126889408,37648312,246,0.0,-1.8,0,4128111100
운행기록데이터 바디,8,97703,2025020608295400,26,1057,1,126889344,37648288,245,-1.8,-1.8,0,4128111100
운행기록데이터 바디,8,97703,2025020608295500,24,950,1,126889280,37648264,242,-4.9,-1.8,0,4128111100
운행기록데이터 바디,8,97703,2025020608295600,22,890,0,126889240,37648244,240,4.9,-1.8,0,4128111100
운행기록데이터 바디,8,97703,2025020608295700,20,831,1,126889192,37648224,240,-1.8,-1.8,0,4128111100
운행기록데이터 바디,8,97703,2025020608295800,18,848,1,126889144,37648204,238,-1.2,-2.5,0,4128111100
운행기록데이터 바디,8,97703,2025020608295900,16,973,0,126889112,37648180,229,0.0,-3.1,0,4128111100
운행기록데이터 바디,8,97703,2025020608300000,14,835,0,126889088,37648160,217,-1.2,-3.1,0,4128111100
운행기록데이터 바디,8,97703,2025020608300100,12,726,0,126889088,37648136,166,-1.2,-2.5,0,4128111100
운행기록데이터 바디,8,97703,2025020608300200,10,661,1,126889096,37648116,153,0.0,-1.8,0,4128111100
운행기록데이터 바디,8,97703,2025020608300300,9,658,1,126889104,37648096,132,-1.2,-0.6,0,4128111100
운행기록데이터 바디,8,97703,2025020608300400,8,665,0,126889120,37648080,119,1.2,0.0,0,4128111100
운행기록데이터 바디,8,97703,2025020608300500,6,879,0,126889120,37648072,119,1.8,-1.2,0,4128111100
운행기록데이터 바디,8,97703,2025020608300600,3,682,0,126889128,37648064,119,1.8,-1.8,0,4128111100
운행기록데이터 바디,8,97703,2025020608300700,1,584,0,126889128,37648064,119,1.8,-1.8,0,4128111100
운행기록데이터 바디,8,97703,2025020608300800,2,659,0,126889128,37648064,119,1.8,-0.6,0,4128111100
운행기록데이터 바디,8,97703,2025020608300900,3,751,0,126889128,37648064,119,1.2,-0.6,0,4128111100
운행기록데이터 바디,8,97703,2025020608301000,4,748,0,126889128,37648064,119,1.8,-1.2,0,4128111100
운행기록데이터 바디,8,97703,2025020608301100,6,728,1,126889208,37648088,30,-1.2,-0.6,0,4128111100
운행기록데이터 바디,8,97703,2025020608301200,7,678,1,126889240,37648088,38,0.6,0.0,0,4128111100
운행기록데이터 바디,8,97703,2025020608301300,7,659,0,126889256,37648088,39,0.0,0.0,0,4128111100
운행기록데이터 바디,8,97703,2025020608301400,7,661,1,126889288,37648096,57,0.0,-1.2,0,4128111100
운행기록데이터 바디,8,97703,2025020608301500,6,656,1,126889312,37648096,57,1.8,-1.2,0,4128111100
운행기록데이터 바디,8,97703,2025020608301600,3,655,1,126889320,37648088,57,0.0,-0.6,0,4128111100
운행기록데이터 바디,8,97703,2025020608301700,1,651,1,126889320,37648088,57,0.0,-0.6,0,4128111100
운행기록데이터 바디,8,97703,2025020608301800,0,651,1,126889320,37648088,57,0.0,-0.6,0,4128111100
운행기록데이터 바디,8,97703,2025020608301900,0,647,1,126889320,37648088,57,1.2,-0.6,0,4128111100
운행기록데이터 바디,8,97703,2025020608302000,0,651,1,126889320,37648088,57,0.0,-0.6,0,4128111100
운행기록데이터 바디,8,97703,2025020608302100,0,650,1,126889320,37648088,57,0.0,-0.6,0,4128111100
운행기록데이터 바디,8,97703,2025020608302200,0,649,1,126889320,37648088,57,0.0,-0.6,0,4128111100
운행기록데이터 바디,8,97703,2025020608302300,0,650,1,126889320,37648088,57,0.0,-0.6,0,4128111100
운행기록데이터 바디,8,97703,2025020608302400,0,650,1,126889320,37648088,57,0.0,-0.6,0,4128111100
운행기록데이터 바디,8,97703,2025020608302500,0,651,1,126889320,37648088,57,0.0,-0.6,0,4128111100
운행기록데이터 바디,8,97703,2025020608302600,0,650,1,126889320,37648088,57,0.0,-0.6,0,4128111100
운행기록데이터 바디,8,97703,2025020608302700,0,648,1,126889320,37648088,57,1.2,-0.6,0,4128111100
운행기록데이터 바디,8,97703,2025020608302800,0,649,1,126889320,37648088,57,0.0,-0.6,0,4128111100
운행기록데이터 바디,8,97703,2025020608302900,0,650,1,126889320,37648088,57,0.0,-0.6,0,4128111100
운행기록데이터 바디,8,97703,2025020608303000,0,649,1,126889320,37648088,57,0.0,-0.6,0,4128111100
운행기록데이터 바디,8,97703,2025020608303100,0,647,1,126889320,37648088,57,0.0,-0.6,0,4128111100
운행기록데이터 바디,8,97703,2025020608303200,0,652,1,126889320,37648088,57,0.0,-0.6,0,4128111100
운행기록데이터 바디,8,97703,2025020608303300,0,650,1,126889320,37648088,57,1.2,-0.6,0,4128111100
운행기록데이터 바디,8,97703,2025020608303400,0,650,1,126889320,37648088,57,0.0,-0.6,0,4128111100
운행기록데이터 바디,8,97703,2025020608303500,0,651,1,126889320,37648088,57,0.0,-0.6,0,4128111100
운행기록데이터 바디,8,97703,2025020608303600,0,650,1,126889320,37648088,57,0.0,-0.6,0,4128111100
운행기록데이터 바디,8,97703,2025020608303700,0,649,1,126889320,37648088,57,0.0,-0.6,0,4128111100
운행기록데이터 바디,8,97703,2025020608303800,0,650,1,126889320,37648088,57,0.0,-0.6,0,4128111100
운행기록데이터 바디,8,97703,2025020608303900,0,649,1,126889320,37648088,57,0.0,-0.6,0,4128111100
운행기록데이터 바디,8,97703,2025020608304000,0,650,1,126889320,37648088,57,0.0,-0.6,0,4128111100
운행기록데이터 바디,8,97703,2025020608304100,0,650,1,126889320,37648088,57,0.0,-0.6,0,4128111100
운행기록데이터 바디,8,97703,2025020608304200,0,649,1,126889320,37648088,57,0.0,-0.6,0,4128111100
운행기록데이터 바디,8,97703,2025020608304300,0,649,1,126889320,37648088,57,0.0,-0.6,0,4128111100
운행기록데이터 바디,8,97703,2025020608304400,0,650,1,126889320,37648088,57,0.0,-0.6,0,4128111100
운행기록데이터 바디,8,97703,2025020608304500,0,650,1,126889320,37648088,57,0.0,-0.6,0,4128111100
운행기록데이터 바디,8,97703,2025020608304600,0,650,1,126889320,37648088,57,0.0,-0.6,0,4128111100
운행기록데이터 바디,8,97703,2025020608304700,0,649,1,126889320,37648088,57,0.0,-0.6,0,4128111100
운행기록데이터 바디,8,97703,2025020608304800,0,649,1,126889320,37648088,57,0.0,-0.6,0,4128111100
운행기록데이터 바디,8,97703,2025020608304900,0,650,1,126889320,37648088,57,0.0,-0.6,0,4128111100
운행기록데이터 바디,8,97703,2025020608305000,0,650,1,126889320,37648088,57,0.0,-0.6,0,4128111100
운행기록데이터 바디,8,97703,2025020608305100,0,650,1,126889320,37648088,57,0.0,-0.6,0,4128111100
운행기록데이터 바디,8,97703,2025020608305200,0,649,1,126889320,37648088,57,0.0,-0.6,0,4128111100
운행기록데이터 바디,8,97703,2025020608305300,0,649,1,126889320,37648088,57,0.0,-0.6,0,4128111100
운행기록데이터 바디,8,97703,2025020608305400,0,649,1,126889320,37648088,57,0.0,-0.6,0,4128111100
운행기록데이터 바디,8,97703,2025020608305500,0,649,1,126889320,37648088,57,0.0,-0.6,0,4128111100
운행기록데이터 바디,8,97703,2025020608305600,0,650,1,126889320,37648088,57,0.0,-0.6,0,4128111100
운행기록데이터 바디,8,97703,2025020608305700,0,648,1,126889320,37648088,57,1.2,-0.6,0,4128111100
운행기록데이터 바디,8,97703,2025020608305800,0,649,1,126889320,37648088,57,0.0,-0.6,0,4128111100
운행기록데이터 바디,8,97703,2025020608305900,0,651,1,126889320,37648088,57,0.0,-0.6,0,4128111100
운행기록데이터 바디,8,97703,2025020608310000,0,651,1,126889320,37648088,57,0.0,-0.6,0,4128111100
운행기록데이터 바디,8,97703,2025020608310100,0,647,1,126889320,37648088,57,0.0,-0.6,0,4128111100
운행기록데이터 바디,8,97703,2025020608310200,0,889,0,126889320,37648088,57,1.2,-0.6,0,4128111100
운행기록데이터 바디,8,97703,2025020608310300,0,904,0,126889320,37648088,57,1.8,-0.6,0,4128111100
운행기록데이터 바디,8,97703,2025020608310400,0,621,0,126889320,37648088,57,1.8,-0.6,0,4128111100
운행기록데이터 바디,8,97703,2025020608310500,0,694,0,126889320,37648088,57,1.2,-1.2,0,4128111100
운행기록데이터 바디,8,97703,2025020608310600,1,673,0,126889320,37648088,57,1.2,-0.6,0,4128111100
운행기록데이터 바디,8,97703,2025020608310700,3,620,0,126889320,37648088,57,3.1,1.2,0,4128111100
운행기록데이터 바디,8,97703,2025020608310800,3,846,0,126889320,37648088,57,2.5,-1.2,0,4128111100
운행기록데이터 바디,8,97703,2025020608310900,4,981,0,126889320,37648088,57,1.2,-1.2,0,4128111100
운행기록데이터 바디,8,97703,2025020608311000,6,906,0,126889320,37648088,57,1.2,0.0,0,4128111100
운행기록데이터 바디,8,97703,2025020608311100,8,857,0,126889320,37648088,57,1.2,-1.2,0,4128111100
운행기록데이터 바디,8,97703,2025020608311200,9,811,0,126889440,37648100,60,1.2,0.0,0,4128111100
운행기록데이터 바디,8,97703,2025020608311300,10,828,0,126889464,37648120,64,2.5,-1.2,0,4128111100
운행기록데이터 바디,8,97703,2025020608311400,9,842,0,126889488,37648140,62,1.2,-0.6,0,4128111100
운행기록데이터 바디,8,97703,2025020608311500,9,756,1,126889520,37648148,68,0.6,-1.2,0,4128111100
운행기록데이터 바디,8,97703,2025020608311600,9,631,1,126889560,37648168,63,1.2,-0.6,0,4128111100
운행기록데이터 바디,8,97703,2025020608311700,9,687,0,126889584,37648180,65,0.0,-0.6,0,4128111100
운행기록데이터 바디,8,97703,2025020608311800,8,677,0,126889616,37648212,36,0.0,-0.6,0,4128111100
운행기록데이터 바디,8,97703,2025020608311900,7,670,0,126889632,37648220,45,1.2,-0.6,0,4128111100
운행기록데이터 바디,8,97703,2025020608312000,5,557,0,126889632,37648232,45,2.5,-1.2,0,4128111100
운행기록데이터 바디,8,97703,2025020608312100,4,705,0,126889632,37648232,45,1.8,-0.6,0,4128111100
운행기록데이터 바디,8,97703,2025020608312200,4,964,0,126889632,37648232,45,0.6,-0.6,0,4128111100
운행기록데이터 바디,8,97703,2025020608312300,4,1037,0,126889632,37648232,45,1.2,-0.6,0,4128111100
운행기록데이터 바디,8,97703,2025020608312400,5,996,0,126889632,37648232,45,1.2,-1.2,0,4128111100
운행기록데이터 바디,8,97703,2025020608312500,5,879,0,126889632,37648232,45,0.0,-0.6,0,4128111100
운행기록데이터 바디,8,97703,2025020608312600,6,757,0,126889696,37648276,65,0.0,-0.6,0,4128111100
운행기록데이터 바디,8,97703,2025020608312700,6,667,0,126889696,37648276,65,1.2,-0.6,0,4128111100
운행기록데이터 바디,8,97703,2025020608312800,5,678,0,126889728,37648288,68,0.0,-0.6,0,4128111100
운행기록데이터 바디,8,97703,2025020608312900,5,672,1,126889728,37648288,68,0.6,-0.6,0,4128111100
운행기록데이터 바디,8,97703,2025020608313000,4,662,1,126889728,37648288,68,1.8,-0.6,0,4128111100
운행기록데이터 바디,8,97703,2025020608313100,1,654,1,126889728,37648288,68,1.2,-0.6,0,4128111100
운행기록데이터 바디,8,97703,2025020608313200,0,650,1,126889728,37648288,68,1.2,-0.6,0,4128111100
운행기록데이터 바디,8,97703,2025020608313300,0,649,1,126889728,37648288,68,1.2,-0.6,0,4128111100
운행기록데이터 바디,8,97703,2025020608313400,0,650,1,126889728,37648288,68,1.2,-0.6,0,4128111100
운행기록데이터 바디,8,97703,2025020608313500,0,650,1,126889728,37648288,68,1.2,-0.6,0,4128111100
운행기록데이터 바디,8,97703,2025020608313600,0,650,1,126889728,37648288,68,1.2,-0.6,0,4128111100
운행기록데이터 바디,8,97703,2025020608313700,0,649,1,126889728,37648288,68,1.2,-0.6,0,4128111100
운행기록데이터 바디,8,97703,2025020608313800,0,649,1,126889728,37648288,68,1.2,-0.6,0,4128111100
운행기록데이터 바디,8,97703,2025020608313900,0,649,1,126889728,37648288,68,1.2,-0.6,0,4128111100
운행기록데이터 바디,8,97703,2025020608314000,0,650,1,126889728,37648288,68,1.2,-0.6,0,4128111100
운행기록데이터 바디,8,97703,2025020608314100,0,650,1,126889728,37648288,68,1.2,-0.6,0,4128111100
운행기록데이터 바디,8,97703,2025020608314200,0,649,1,126889728,37648288,68,1.2,-0.6,0,4128111100
운행기록데이터 바디,8,97703,2025020608314300,0,645,1,126889728,37648288,68,1.2,-0.6,0,4128111100
운행기록데이터 바디,8,97703,2025020608314400,0,651,1,126889728,37648288,68,1.2,-0.6,0,4128111100
운행기록데이터 바디,8,97703,2025020608314500,0,650,1,126889728,37648288,68,1.2,-0.6,0,4128111100
운행기록데이터 바디,8,97703,2025020608314600,0,650,1,126889728,37648288,68,1.2,-0.6,0,4128111100
운행기록데이터 바디,8,97703,2025020608314700,0,649,1,126889728,37648288,68,1.2,-0.6,0,4128111100
운행기록데이터 바디,8,97703,2025020608314800,0,649,1,126889728,37648288,68,1.2,-0.6,0,4128111100
운행기록데이터 바디,8,97703,2025020608314900,0,650,1,126889728,37648288,68,1.2,-0.6,0,4128111100
운행기록데이터 바디,8,97703,2025020608315000,0,650,1,126889728,37648288,68,1.2,-0.6,0,4128111100
운행기록데이터 바디,8,97703,2025020608315100,0,650,1,126889728,37648288,68,1.2,-0.6,0,4128111100
운행기록데이터 바디,8,97703,2025020608315200,0,649,1,126889728,37648288,68,1.2,-0.6,0,4128111100
운행기록데이터 바디,8,97703,2025020608315300,0,650,1,126889728,37648288,68,1.2,-0.6,0,4128111100
운행기록데이터 바디,8,97703,2025020608315400,0,650,1,126889728,37648288,68,1.2,-0.6,0,4128111100
운행기록데이터 바디,8,97703,2025020608315500,0,650,1,126889728,37648288,68,1.2,-0.6,0,4128111100
운행기록데이터 바디,8,97703,2025020608315600,0,650,1,126889728,37648288,68,1.2,-0.6,0,4128111100
운행기록데이터 바디,8,97703,2025020608315700,0,648,1,126889728,37648288,68,1.2,-0.6,0,4128111100
운행기록데이터 바디,8,97703,2025020608315800,0,649,1,126889728,37648288,68,1.2,-0.6,0,4128111100
운행기록데이터 바디,8,97703,2025020608315900,0,650,1,126889728,37648288,68,1.2,-0.6,0,4128111100
운행기록데이터 바디,8,97703,2025020608320000,0,650,1,126889728,37648288,68,1.2,-0.6,0,4128111100
운행기록데이터 바디,8,97703,2025020608320100,0,650,1,126889728,37648288,68,1.2,-0.6,0,4128111100
운행기록데이터 바디,8,97703,2025020608320200,0,649,1,126889728,37648288,68,1.2,-0.6,0,4128111100
운행기록데이터 바디,8,97703,2025020608320300,0,650,1,126889728,37648288,68,1.2,-0.6,0,4128111100
운행기록데이터 바디,8,97703,2025020608320400,0,850,0,126889728,37648288,68,2.5,-0.6,0,4128111100
운행기록데이터 바디,8,97703,2025020608320500,0,825,0,126889728,37648288,68,2.5,-0.6,0,4128111100
운행기록데이터 바디,8,97703,2025020608320600,1,1083,0,126889728,37648288,68,1.8,-1.2,0,4128111100
운행기록데이터 바디,8,97703,2025020608320700,3,1080,0,126889728,37648288,68,1.2,-0.6,0,4128111100
운행기록데이터 바디,8,97703,2025020608320800,4,875,0,126889728,37648288,68,3.7,-1.2,0,4128111100
운행기록데이터 바디,8,97703,2025020608320900,5,956,0,126889920,37648260,65,3.7,-1.2,0,4128111100
운행기록데이터 바디,8,97703,2025020608321000,7,1360,0,126889944,37648272,65,2.5,0.0,0,4128111100
운행기록데이터 바디,8,97703,2025020608321100,9,1690,0,126889976,37648296,63,2.5,0.0,0,4128111100
운행기록데이터 바디,8,97703,2025020608321200,13,1980,0,126890024,37648324,62,3.1,-0.6,0,4128111200
운행기록데이터 바디,8,97703,2025020608321300,18,1707,0,126890072,37648352,62,1.8,-1.2,0,4128111200
운행기록데이터 바디,8,97703,2025020608321400,21,1162,0,126890144,37648380,61,2.5,-1.8,0,4128111200
운행기록데이터 바디,8,97703,2025020608321500,23,1150,0,126890208,37648404,66,2.5,-2.5,0,4128111200
운행기록데이터 바디,8,97703,2025020608321600,23,1204,0,126890264,37648428,70,2.5,-3.1,0,4128111200
운행기록데이터 바디,8,97703,2025020608321700,24,1280,0,126890328,37648452,68,2.5,-3.1,0,4128111200
운행기록데이터 바디,8,97703,2025020608321800,25,1255,0,126890400,37648480,65,1.2,-1.8,0,4128111200
운행기록데이터 바디,8,97703,2025020608321900,26,1179,1,126890480,37648504,64,-1.8,-0.6,0,4128111200
운행기록데이터 바디,8,97703,2025020608322000,26,1094,1,126890560,37648528,65,0.6,-1.2,0,4128111200
운행기록데이터 바디,8,97703,2025020608322100,24,1077,0,126890624,37648552,66,-1.2,-0.6,0,4128111200
운행기록데이터 바디,8,97703,2025020608322200,23,1068,0,126890696,37648576,65,1.2,-0.6,0,4128111200
운행기록데이터 바디,8,97703,2025020608322300,23,1039,1,126890752,37648600,64,-1.8,-1.8,0,4128111200
운행기록데이터 바디,8,97703,2025020608322400,23,984,1,126890816,37648624,65,1.2,-0.6,0,4128111200
운행기록데이터 바디,8,97703,2025020608322500,22,986,0,126890880,37648648,65,1.8,-0.6,0,4128111200
운행기록데이터 바디,8,97703,2025020608322600,21,1039,0,126890928,37648672,63,2.5,-1.2,0,4128111200
운행기록데이터 바디,8,97703,2025020608322700,21,1117,0,126890992,37648688,63,1.2,-0.6,0,4128111200
운행기록데이터 바디,8,97703,2025020608322800,22,1177,0,126891056,37648720,63,2.5,-1.2,0,4128111200
운행기록데이터 바디,8,97703,2025020608322900,23,1264,0,126891112,37648748,61,1.8,-1.2,0,4128111200
운행기록데이터 바디,8,97703,2025020608323000,25,1340,0,126891192,37648772,64,3.7,0.0,0,4128111200
운행기록데이터 바디,8,97703,2025020608323100,26,1437,0,126891264,37648804,64,-2.5,1.2,0,4128111200
운행기록데이터 바디,8,97703,2025020608323200,28,1604,0,126891352,37648840,62,3.1,-1.8,0,4128111200
운행기록데이터 바디,8,97703,2025020608323300,31,1680,0,126891440,37648868,66,-2.5,-1.8,0,4128111200
운행기록데이터 바디,8,97704,2025020608323400,33,1576,1,126891544,37648900,67,-1.8,-2.5,0,4128111200
운행기록데이터 바디,8,97704,2025020608323500,34,1405,1,126891640,37648932,66,-1.2,-0.6,0,4128111200
운행기록데이터 바디,8,97704,2025020608323600,32,1229,1,126891728,37648960,67,-1.2,-1.8,0,4128111200
운행기록데이터 바디,8,97704,2025020608323700,29,1029,1,126891808,37648988,66,-3.1,-1.8,0,4128111200
운행기록데이터 바디,8,97704,2025020608323800,25,841,1,126891872,37649012,66,-1.8,-1.2,0,4128111100
운행기록데이터 바디,8,97704,2025020608323900,21,766,1,126891912,37649028,70,-2.5,0.0,0,4128111100
운행기록데이터 바디,8,97704,2025020608324000,18,693,1,126891952,37649040,82,-1.2,1.8,0,4128111100
운행기록데이터 바디,8,97704,2025020608324100,15,660,0,126891984,37649032,111,-1.8,1.2,0,4128111100
운행기록데이터 바디,8,97704,2025020608324200,12,666,0,126891992,37649000,152,-0.6,-1.2,0,4128111200
운행기록데이터 바디,8,97704,2025020608324300,10,671,0,126892008,37648972,156,-1.2,-1.2,0,4128111200
운행기록데이터 바디,8,97704,2025020608324400,9,947,0,126892016,37648944,159,2.5,-0.6,0,4128111200
운행기록데이터 바디,8,97704,2025020608324500,9,1219,0,126892024,37648924,158,2.5,-1.2,0,4128111200
운행기록데이터 바디,8,97704,2025020608324600,10,1533,0,126892032,37648908,155,2.5,-1.2,0,4128111200
운행기록데이터 바디,8,97704,2025020608324700,12,1685,0,126892040,37648876,151,1.8,-1.2,0,4128111200
운행기록데이터 바디,8,97704,2025020608324800,16,1285,0,126892064,37648844,152,2.5,-1.2,0,4128111200
운행기록데이터 바디,8,97704,2025020608324900,18,1090,0,126892080,37648816,151,2.5,-1.2,0,4128111200
운행기록데이터 바디,8,97704,2025020608325000,20,1276,0,126892104,37648776,152,3.1,-1.2,0,4128111200
운행기록데이터 바디,8,97704,2025020608325100,23,1420,0,126892128,37648736,147,1.2,-1.2,0,4128111200
운행기록데이터 바디,8,97704,2025020608325200,27,1371,1,126892160,37648684,140,-1.8,-1.2,0,4128111200
운행기록데이터 바디,8,97704,2025020608325300,29,1192,1,126892208,37648644,137,-1.8,-1.8,0,4128111200
운행기록데이터 바디,8,97704,2025020608325400,28,959,1,126892256,37648600,148,3.7,-1.8,0,4128111200
운행기록데이터 바디,8,97704,2025020608325500,24,844,0,126892296,37648564,157,-4.9,-1.8,0,4128111200
운행기록데이터 바디,8,97704,2025020608325600,21,873,0,126892320,37648524,158,2.5,-1.2,0,4128111200
운행기록데이터 바디,8,97704,2025020608325700,19,848,1,126892352,37648484,151,-1.2,-1.2,0,4128111200
운행기록데이터 바디,8,97704,2025020608325800,18,735,1,126892376,37648444,149,-2.5,-1.2,0,4128111200
운행기록데이터 바디,8,97704,2025020608325900,17,680,1,126892408,37648404,156,-2.5,1.8,0,4128111200
운행기록데이터 바디,8,97704,2025020608330000,15,668,0,126892424,37648364,184,-2.5,1.8,0,4128111200
운행기록데이터 바디,8,97704,2025020608330100,13,716,0,126892424,37648344,196,-2.5,1.2,0,4128111200
운행기록데이터 바디,8,97704,2025020608330200,10,672,0,126892424,37648344,211,-1.2,-1.2,0,4128111200
운행기록데이터 바디,8,97704,2025020608330300,9,667,0,126892408,37648344,238,1.8,1.8,0,4128111200
운행기록데이터 바디,8,97704,2025020608330400,8,655,0,126892392,37648340,212,1.2,1.2,0,4128111200
운행기록데이터 바디,8,97704,2025020608330500,8,620,0,126892384,37648328,194,1.2,-1.2,0,4128111200
운행기록데이터 바디,8,97704,2025020608330600,8,647,0,126892376,37648320,222,1.8,-0.6,0,4128111200
운행기록데이터 바디,8,97704,2025020608330700,7,844,0,126892368,37648312,222,2.5,-1.2,0,4128111200
운행기록데이터 바디,8,97704,2025020608330800,7,1037,0,126892360,37648296,243,1.8,-1.2,0,4128111200
운행기록데이터 바디,8,97704,2025020608330900,9,1168,0,126892336,37648288,222,2.5,-0.6,0,4128111200
운행기록데이터 바디,8,97704,2025020608331000,10,1208,0,126892320,37648272,211,2.5,-1.2,0,4128111200
운행기록데이터 바디,8,97704,2025020608331100,12,1123,0,126892304,37648260,211,1.2,-1.2,0,4128111200
운행기록데이터 바디,8,97704,2025020608331200,13,1013,0,126892296,37648236,221,0.0,-0.6,0,4128111200
운행기록데이터 바디,8,97704,2025020608331300,13,930,0,126892272,37648212,228,1.2,-1.2,0,4128111200
운행기록데이터 바디,8,97704,2025020608331400,12,847,0,126892240,37648192,249,1.2,-1.8,0,4128111200
운행기록데이터 바디,8,97704,2025020608331500,11,790,0,126892208,37648160,239,1.8,-2.5,0,4128111200
운행기록데이터 바디,8,97704,2025020608331600,10,722,0,126892184,37648136,234,0.6,-1.8,0,4128111200
운행기록데이터 바디,8,97704,2025020608331700,9,667,0,126892176,37648112,220,0.0,-1.8,0,4128111200
운행기록데이터 바디,8,97704,2025020608331800,9,647,0,126892160,37648096,215,1.2,-2.5,0,4128111200
운행기록데이터 바디,8,97704,2025020608331900,8,629,0,126892152,37648084,198,0.0,-1.8,0,4128111200
운행기록데이터 바디,8,97704,2025020608332000,8,793,0,126892160,37648072,167,2.5,-1.8,0,4128111200
운행기록데이터 바디,8,97704,2025020608332100,7,995,1,126892128,37648064,167,1.2,-1.8,0,4128111200
운행기록데이터 바디,8,97704,2025020608332200,9,916,1,126892136,37648068,167,-1.8,-1.2,0,4128111200
운행기록데이터 바디,8,97704,2025020608332300,10,810,1,126892128,37648060,167,-1.8,-2.5,0,4128111200
운행기록데이터 바디,8,97704,2025020608332400,10,718,1,126892128,37648052,167,-1.2,-1.8,0,4128111200
운행기록데이터 바디,8,97704,2025020608332500,9,675,1,126892136,37648048,167,-1.2,-0.6,0,4128111200
운행기록데이터 바디,8,97704,2025020608332600,6,669,1,126892128,37648048,167,0.6,-1.2,0,4128111200
운행기록데이터 바디,8,97704,2025020608332700,2,654,1,126892128,37648048,167,0.0,-0.6,0,4128111200
운행기록데이터 바디,8,97704,2025020608332800,0,646,1,126892128,37648048,167,0.0,-0.6,0,4128111200
운행기록데이터 바디,8,97704,2025020608332900,0,650,1,126892128,37648048,167,0.0,-0.6,0,4128111200
운행기록데이터 바디,8,97704,2025020608333000,0,651,1,126892128,37648048,167,0.0,-0.6,0,4128111200
운행기록데이터 바디,8,97704,2025020608333100,0,650,1,126892128,37648048,167,0.0,-0.6,0,4128111200
운행기록데이터 바디,8,97704,2025020608333200,0,649,1,126892128,37648048,167,0.0,-0.6,0,4128111200
운행기록데이터 바디,8,97704,2025020608333300,0,650,1,126892128,37648048,167,0.0,-0.6,0,4128111200
운행기록데이터 바디,8,97704,2025020608333400,0,650,1,126892128,37648048,167,0.0,-0.6,0,4128111200
운행기록데이터 바디,8,97704,2025020608333500,0,650,1,126892128,37648048,167,0.0,-0.6,0,4128111200
운행기록데이터 바디,8,97704,2025020608333600,0,650,1,126892128,37648048,167,0.0,-0.6,0,4128111200
운행기록데이터 바디,8,97704,2025020608333700,0,649,1,126892128,37648048,167,0.0,-0.6,0,4128111200
운행기록데이터 바디,8,97704,2025020608333800,0,649,1,126892128,37648048,167,0.0,-0.6,0,4128111200
운행기록데이터 바디,8,97704,2025020608333900,0,649,1,126892128,37648048,167,0.0,-0.6,0,4128111200
운행기록데이터 바디,8,97704,2025020608334000,0,649,1,126892128,37648048,167,0.0,-0.6,0,4128111200
운행기록데이터 바디,8,97704,2025020608334100,0,651,1,126892128,37648048,167,0.0,-0.6,0,4128111200
운행기록데이터 바디,8,97704,2025020608334200,0,649,1,126892128,37648048,167,0.0,-0.6,0,4128111200
운행기록데이터 바디,8,97704,2025020608334300,0,648,1,126892128,37648048,167,0.0,-0.6,0,4128111200
운행기록데이터 바디,8,97704,2025020608334400,0,649,1,126892128,37648048,167,0.0,-0.6,0,4128111200
운행기록데이터 바디,8,97704,2025020608334500,0,650,1,126892128,37648048,167,1.2,-0.6,0,4128111200
운행기록데이터 바디,8,97704,2025020608334600,0,650,1,126892128,37648048,167,0.0,-0.6,0,4128111200
운행기록데이터 바디,8,97704,2025020608334700,0,649,1,126892128,37648048,167,0.0,-0.6,0,4128111200
운행기록데이터 바디,8,97704,2025020608334800,0,650,1,126892128,37648048,167,0.0,-0.6,0,4128111200
운행기록데이터 바디,8,97704,2025020608334900,0,650,1,126892128,37648048,167,0.0,-0.6,0,4128111200
운행기록데이터 바디,8,97704,2025020608335000,0,650,1,126892128,37648048,167,0.0,-0.6,0,4128111200
운행기록데이터 바디,8,97704,2025020608335100,0,650,1,126892128,37648048,167,0.0,-0.6,0,4128111200
운행기록데이터 바디,8,97704,2025020608335200,0,649,1,126892128,37648048,167,0.0,-0.6,0,4128111200
운행기록데이터 바디,8,97704,2025020608335300,0,649,1,126892128,37648048,167,0.0,-0.6,0,4128111200
운행기록데이터 바디,8,97704,2025020608335400,0,650,1,126892128,37648048,167,0.0,-0.6,0,4128111200
운행기록데이터 바디,8,97704,2025020608335500,0,650,1,126892128,37648048,167,0.0,-0.6,0,4128111200
운행기록데이터 바디,8,97704,2025020608335600,0,651,1,126892128,37648048,167,0.0,-0.6,0,4128111200
운행기록데이터 바디,8,97704,2025020608335700,0,652,1,126892128,37648048,167,0.0,-0.6,0,4128111200
운행기록데이터 바디,8,97704,2025020608335800,0,650,1,126892128,37648048,167,0.0,-0.6,0,4128111200
운행기록데이터 바디,8,97704,2025020608335900,0,649,1,126892128,37648048,167,0.0,-0.6,0,4128111200
운행기록데이터 바디,8,97704,2025020608340000,0,637,0,126892128,37648048,167,0.0,-0.6,0,4128111200
운행기록데이터 바디,8,97704,2025020608340100,0,644,0,126892128,37648048,167,0.0,-0.6,0,4128111200
운행기록데이터 바디,8,97704,2025020608340200,0,652,0,126892128,37648048,167,0.0,-0.6,0,4128111200
운행기록데이터 바디,8,97704,2025020608340300,0,706,0,126892128,37648048,167,0.0,-0.6,0,4128111200
운행기록데이터 바디,8,97704,2025020608340400,0,996,0,126892128,37648048,167,1.8,-1.8,0,4128111200
운행기록데이터 바디,8,97704,2025020608340500,0,702,0,126892128,37648048,167,1.2,-2.5,0,4128111200
운행기록데이터 바디,8,97704,2025020608340600,0,790,0,126892128,37648048,167,2.5,-2.5,0,4128111200
운행기록데이터 바디,8,97704,2025020608340700,2,871,0,126892128,37648048,167,1.8,-3.1,0,4128111200
운행기록데이터 바디,8,97704,2025020608340800,3,1100,0,126892128,37648048,167,2.5,-1.2,0,4128111200
운행기록데이터 바디,8,97704,2025020608340900,6,1190,0,126892128,37648048,167,-1.8,-1.2,0,4128111200
운행기록데이터 바디,8,97704,2025020608341000,9,1101,0,126892128,37648048,167,-1.2,1.2,0,4128111200
운행기록데이터 바디,8,97704,2025020608341100,11,1012,0,126892256,37648096,60,0.0,1.2,0,4128111200
운행기록데이터 바디,8,97704,2025020608341200,12,991,0,126892288,37648100,64,2.5,-0.6,0,4128111200
운행기록데이터 바디,8,97704,2025020608341300,12,1041,0,126892312,37648112,64,1.8,-1.8,0,4128111200
운행기록데이터 바디,8,97704,2025020608341400,12,1003,1,126892376,37648024,64,-1.2,-0.6,0,4128111200
운행기록데이터 바디,8,97704,2025020608341500,12,838,1,126892416,37648020,65,-1.8,-0.6,0,4128111200
운행기록데이터 바디,8,97704,2025020608341600,11,754,1,126892448,37648032,54,-1.8,0.0,0,4128111200
운행기록데이터 바디,8,97704,2025020608341700,10,691,1,126892472,37648040,43,-0.6,0.0,0,4128111200
운행기록데이터 바디,8,97704,2025020608341800,8,668,1,126892472,37648048,33,-0.6,0.0,0,4128111200
운행기록데이터 바디,8,97704,2025020608341900,6,661,1,126892472,37648048,33,-1.2,0.0,0,4128111200
운행기록데이터 바디,8,97704,2025020608342000,2,655,1,126892480,37648056,33,-0.6,0.0,0,4128111200
운행기록데이터 바디,8,97704,2025020608342100,0,652,1,126892480,37648056,33,0.0,0.0,0,4128111200
운행기록데이터 바디,8,97704,2025020608342200,0,649,1,126892480,37648056,33,0.0,0.0,0,4128111200
운행기록데이터 바디,8,97704,2025020608342300,0,650,1,126892480,37648056,33,0.0,0.0,0,4128111200
운행기록데이터 바디,8,97704,2025020608342400,0,649,1,126892480,37648056,33,0.0,0.0,0,4128111200
운행기록데이터 바디,8,97704,2025020608342500,0,650,1,126892480,37648056,33,0.0,0.0,0,4128111200
운행기록데이터 바디,8,97704,2025020608342600,0,649,1,126892480,37648056,33,0.0,0.0,0,4128111200
운행기록데이터 바디,8,97704,2025020608342700,0,649,1,126892480,37648056,33,0.0,0.0,0,4128111200
운행기록데이터 바디,8,97704,2025020608342800,0,650,1,126892480,37648056,33,0.0,0.0,0,4128111200
운행기록데이터 바디,8,97704,2025020608342900,0,649,1,126892480,37648056,33,0.0,0.0,0,4128111200
운행기록데이터 바디,8,97704,2025020608343000,0,650,1,126892480,37648056,33,0.0,0.0,0,4128111200
운행기록데이터 바디,8,97704,2025020608343100,0,649,1,126892480,37648056,33,0.0,0.0,0,4128111200
운행기록데이터 바디,8,97704,2025020608343200,0,649,1,126892480,37648056,33,0.0,0.0,0,4128111200
운행기록데이터 바디,8,97704,2025020608343300,0,649,1,126892480,37648056,33,0.0,0.0,0,4128111200
운행기록데이터 바디,8,97704,2025020608343400,0,650,1,126892480,37648056,33,0.0,0.0,0,4128111200
운행기록데이터 바디,8,97704,2025020608343500,0,650,1,126892480,37648056,33,0.0,0.0,0,4128111200
운행기록데이터 바디,8,97704,2025020608343600,0,649,1,126892480,37648056,33,0.0,0.0,0,4128111200
운행기록데이터 바디,8,97704,2025020608343700,0,649,1,126892480,37648056,33,0.0,0.0,0,4128111200
운행기록데이터 바디,8,97704,2025020608343800,0,649,1,126892480,37648056,33,0.0,0.0,0,4128111200
운행기록데이터 바디,8,97704,2025020608343900,0,650,1,126892480,37648056,33,0.0,0.0,0,4128111200
운행기록데이터 바디,8,97704,2025020608344000,0,650,1,126892480,37648056,33,0.0,0.0,0,4128111200
운행기록데이터 바디,8,97704,2025020608344100,0,649,1,126892480,37648056,33,0.0,0.0,0,4128111200
운행기록데이터 바디,8,97704,2025020608344200,0,649,1,126892480,37648056,33,0.0,0.0,0,4128111200
운행기록데이터 바디,8,97704,2025020608344300,0,649,1,126892480,37648056,33,0.0,0.0,0,4128111200
운행기록데이터 바디,8,97704,2025020608344400,0,650,1,126892480,37648056,33,0.0,0.0,0,4128111200
운행기록데이터 바디,8,97704,2025020608344500,0,650,1,126892480,37648056,33,0.0,0.0,0,4128111200
운행기록데이터 바디,8,97704,2025020608344600,0,650,1,126892480,37648056,33,0.0,0.0,0,4128111200
운행기록데이터 바디,8,97704,2025020608344700,0,649,1,126892480,37648056,33,0.0,0.0,0,4128111200
운행기록데이터 바디,8,97704,2025020608344800,0,649,1,126892480,37648056,33,0.0,0.0,0,4128111200
운행기록데이터 바디,8,97704,2025020608344900,0,650,1,126892480,37648056,33,0.0,0.0,0,4128111200
운행기록데이터 바디,8,97704,2025020608345000,0,650,1,126892480,37648056,33,0.0,0.0,0,4128111200
운행기록데이터 바디,8,97704,2025020608345100,0,650,1,126892480,37648056,33,0.0,0.0,0,4128111200
운행기록데이터 바디,8,97704,2025020608345200,0,649,1,126892480,37648056,33,0.0,0.0,0,4128111200
운행기록데이터 바디,8,97704,2025020608345300,0,649,1,126892480,37648056,33,0.0,0.0,0,4128111200
운행기록데이터 바디,8,97704,2025020608345400,0,650,1,126892480,37648056,33,0.0,0.0,0,4128111200
운행기록데이터 바디,8,97704,2025020608345500,0,650,1,126892480,37648056,33,0.0,0.0,0,4128111200
운행기록데이터 바디,8,97704,2025020608345600,0,650,1,126892480,37648056,33,0.0,0.0,0,4128111200
운행기록데이터 바디,8,97704,2025020608345700,0,649,1,126892480,37648056,33,0.0,0.0,0,4128111200
운행기록데이터 바디,8,97704,2025020608345800,0,649,1,126892480,37648056,33,0.0,0.0,0,4128111200
운행기록데이터 바디,8,97704,2025020608345900,0,650,1,126892480,37648056,33,0.0,0.0,0,4128111200
운행기록데이터 바디,8,97704,2025020608350000,0,650,1,126892480,37648056,33,0.0,0.0,0,4128111200
운행기록데이터 바디,8,97704,2025020608350100,0,650,1,126892480,37648056,33,0.0,0.0,0,4128111200
운행기록데이터 바디,8,97704,2025020608350200,0,648,1,126892480,37648056,33,0.0,0.0,0,4128111200
운행기록데이터 바디,8,97704,2025020608350300,0,649,1,126892480,37648056,33,0.0,0.0,0,4128111200
운행기록데이터 바디,8,97704,2025020608350400,0,650,1,126892480,37648056,33,0.0,0.0,0,4128111200
운행기록데이터 바디,8,97704,2025020608350500,0,650,1,126892480,37648056,33,0.0,0.0,0,4128111200
운행기록데이터 바디,8,97704,2025020608350600,0,650,1,126892480,37648056,33,0.0,0.0,0,4128111200
운행기록데이터 바디,8,97704,2025020608350700,0,649,1,126892480,37648056,33,0.0,0.0,0,4128111200
운행기록데이터 바디,8,97704,2025020608350800,0,650,1,126892480,37648056,33,0.0,0.0,0,4128111200
운행기록데이터 바디,8,97704,2025020608350900,0,650,1,126892480,37648056,33,0.0,0.0,0,4128111200
운행기록데이터 바디,8,97704,2025020608351000,0,650,1,126892480,37648056,33,0.0,0.0,0,4128111200
운행기록데이터 바디,8,97704,2025020608351100,0,650,1,126892480,37648056,33,0.0,0.0,0,4128111200
운행기록데이터 바디,8,97704,2025020608351200,0,648,1,126892480,37648056,33,0.0,0.0,0,4128111200
운행기록데이터 바디,8,97704,2025020608351300,0,649,1,126892480,37648056,33,0.0,0.0,0,4128111200
운행기록데이터 바디,8,97704,2025020608351400,0,650,1,126892480,37648056,33,0.0,0.0,0,4128111200
운행기록데이터 바디,8,97704,2025020608351500,0,650,1,126892480,37648056,33,0.0,0.0,0,4128111200
운행기록데이터 바디,8,97704,2025020608351600,0,650,1,126892480,37648056,33,0.6,0.0,0,4128111200
운행기록데이터 바디,8,97704,2025020608351700,0,648,1,126892480,37648056,33,0.0,0.0,0,4128111200
운행기록데이터 바디,8,97704,2025020608351800,0,650,1,126892480,37648056,33,0.0,0.0,0,4128111200
운행기록데이터 바디,8,97704,2025020608351900,0,650,1,126892480,37648056,33,0.0,0.0,0,4128111200
운행기록데이터 바디,8,97704,2025020608352000,0,650,1,126892480,37648056,33,0.0,0.0,0,4128111200
운행기록데이터 바디,8,97704,2025020608352100,0,650,1,126892480,37648056,33,0.0,0.0,0,4128111200
운행기록데이터 바디,8,97704,2025020608352200,0,648,1,126892480,37648056,33,0.0,0.0,0,4128111200
운행기록데이터 바디,8,97704,2025020608352300,0,650,1,126892480,37648056,33,0.0,0.0,0,4128111200
운행기록데이터 바디,8,97704,2025020608352400,0,650,1,126892480,37648056,33,0.0,0.0,0,4128111200
운행기록데이터 바디,8,97704,2025020608352500,0,650,1,126892480,37648056,33,0.0,0.0,0,4128111200
운행기록데이터 바디,8,97704,2025020608352600,0,650,1,126892480,37648056,33,0.0,0.0,0,4128111200
운행기록데이터 바디,8,97704,2025020608352700,0,649,1,126892480,37648056,33,0.0,0.0,0,4128111200
운행기록데이터 바디,8,97704,2025020608352800,0,650,1,126892480,37648056,33,0.0,0.0,0,4128111200
운행기록데이터 바디,8,97704,2025020608352900,0,650,1,126892480,37648056,33,0.0,0.0,0,4128111200
운행기록데이터 바디,8,97704,2025020608353000,0,650,1,126892480,37648056,33,0.0,0.0,0,4128111200
운행기록데이터 바디,8,97704,2025020608353100,0,650,1,126892480,37648056,33,-0.6,0.0,0,4128111200
운행기록데이터 바디,8,97704,2025020608353200,0,649,1,126892480,37648056,33,0.0,0.0,0,4128111200
운행기록데이터 바디,8,97704,2025020608353300,0,650,1,126892480,37648056,33,0.0,0.0,0,4128111200
운행기록데이터 바디,8,97704,2025020608353400,0,649,1,126892480,37648056,33,0.0,0.0,0,4128111200
운행기록데이터 바디,8,97704,2025020608353500,0,650,1,126892480,37648056,33,0.0,0.0,0,4128111200
운행기록데이터 바디,8,97704,2025020608353600,0,650,1,126892480,37648056,33,0.0,0.0,0,4128111200
운행기록데이터 바디,8,97704,2025020608353700,0,649,1,126892480,37648056,33,0.0,0.0,0,4128111200
운행기록데이터 바디,8,97704,2025020608353800,0,649,1,126892480,37648056,33,0.0,0.0,0,4128111200
운행기록데이터 바디,8,97704,2025020608353900,0,650,1,126892480,37648056,33,0.0,0.0,0,4128111200
운행기록데이터 바디,8,97704,2025020608354000,0,650,1,126892480,37648056,33,0.0,0.0,0,4128111200
운행기록데이터 바디,8,97704,2025020608354100,0,650,1,126892480,37648056,33,0.0,0.0,0,4128111200
운행기록데이터 바디,8,97704,2025020608354200,0,649,1,126892480,37648056,33,0.0,0.0,0,4128111200
운행기록데이터 바디,8,97704,2025020608354300,0,649,1,126892480,37648056,33,0.0,0.0,0,4128111200
운행기록데이터 바디,8,97704,2025020608354400,0,795,1,126892480,37648056,33,1.8,0.0,0,4128111200
운행기록데이터 바디,8,97704,2025020608354500,0,869,0,126892480,37648056,33,3.1,-1.2,0,4128111200
운행기록데이터 바디,8,97704,2025020608354600,0,1065,0,126892480,37648056,33,1.8,-1.8,0,4128111200
운행기록데이터 바디,8,97704,2025020608354700,1,843,0,126892480,37648056,33,2.5,-1.8,0,4128111200
운행기록데이터 바디,8,97704,2025020608354800,3,1135,0,126892480,37648056,33,2.5,-2.5,0,4128111200
운행기록데이터 바디,8,97704,2025020608354900,6,1413,0,126892480,37648056,33,1.8,-2.5,0,4128111200
운행기록데이터 바디,8,97704,2025020608355000,10,1129,0,126892480,37648056,33,2.5,-3.1,0,4128111200
운행기록데이터 바디,8,97704,2025020608355100,13,915,0,126892584,37648188,352,3.1,-1.8,0,4128111200
운행기록데이터 바디,8,97704,2025020608355200,16,1060,0,126892576,37648232,348,3.1,-2.5,0,4128111200
운행기록데이터 바디,8,97704,2025020608355300,19,1062,1,126892552,37648312,348,1.2,-0.6,0,4128111200
운행기록데이터 바디,8,97704,2025020608355400,21,919,1,126892520,37648412,339,3.1,-1.8,0,4128111200
운행기록데이터 바디,8,97704,2025020608355500,21,757,1,126892488,37648488,341,-3.7,-1.8,0,4128111200
운행기록데이터 바디,8,97704,2025020608355600,19,705,1,126892432,37648544,332,-1.8,-1.2,0,4128111200
운행기록데이터 바디,8,97704,2025020608355700,15,679,1,126892392,37648580,327,-1.2,-0.6,0,4128111200
운행기록데이터 바디,8,97704,2025020608355800,11,661,1,126892376,37648592,327,-0.6,-0.6,0,4128111200
운행기록데이터 바디,8,97704,2025020608355900,8,659,1,126892360,37648604,327,1.2,-0.6,0,4128111200
운행기록데이터 바디,8,97704,2025020608360000,3,656,1,126892360,37648616,327,0.0,-0.6,0,4128111200
운행기록데이터 바디,8,97704,2025020608360100,0,652,1,126892360,37648616,327,0.0,-0.6,0,4128111200
운행기록데이터 바디,8,97704,2025020608360200,0,650,1,126892360,37648616,327,1.2,-0.6,0,4128111200
운행기록데이터 바디,8,97704,2025020608360300,0,650,1,126892360,37648616,327,1.2,-0.6,0,4128111200
운행기록데이터 바디,8,97704,2025020608360400,0,650,1,126892360,37648616,327,0.0,-0.6,0,4128111200
운행기록데이터 바디,8,97704,2025020608360500,0,650,1,126892360,37648616,327,0.0,-0.6,0,4128111200
운행기록데이터 바디,8,97704,2025020608360600,0,650,1,126892360,37648616,327,0.0,-0.6,0,4128111200
운행기록데이터 바디,8,97704,2025020608360700,0,648,1,126892360,37648616,327,0.0,-0.6,0,4128111200
운행기록데이터 바디,8,97704,2025020608360800,0,649,1,126892360,37648616,327,0.0,-0.6,0,4128111200
운행기록데이터 바디,8,97704,2025020608360900,0,650,1,126892360,37648616,327,0.0,-0.6,0,4128111200
운행기록데이터 바디,8,97704,2025020608361000,0,650,1,126892360,37648616,327,1.2,-0.6,0,4128111200
운행기록데이터 바디,8,97704,2025020608361100,0,650,1,126892360,37648616,327,0.0,-0.6,0,4128111200
운행기록데이터 바디,8,97704,2025020608361200,0,648,1,126892360,37648616,327,0.6,-0.6,0,4128111200
운행기록데이터 바디,8,97704,2025020608361300,0,650,1,126892360,37648616,327,0.0,-0.6,0,4128111200
운행기록데이터 바디,8,97704,2025020608361400,0,650,1,126892360,37648616,327,1.2,-0.6,0,4128111200
운행기록데이터 바디,8,97704,2025020608361500,0,650,1,126892360,37648616,327,0.0,-0.6,0,4128111200
운행기록데이터 바디,8,97704,2025020608361600,0,650,1,126892360,37648616,327,0.0,-0.6,0,4128111200
운행기록데이터 바디,8,97704,2025020608361700,0,648,1,126892360,37648616,327,0.0,-0.6,0,4128111200
운행기록데이터 바디,8,97704,2025020608361800,0,649,1,126892360,37648616,327,0.0,-0.6,0,4128111200
운행기록데이터 바디,8,97704,2025020608361900,0,649,1,126892360,37648616,327,1.2,-0.6,0,4128111200
운행기록데이터 바디,8,97704,2025020608362000,0,650,1,126892360,37648616,327,0.0,-0.6,0,4128111200
운행기록데이터 바디,8,97704,2025020608362100,0,650,1,126892360,37648616,327,1.2,-0.6,0,4128111200
운행기록데이터 바디,8,97704,2025020608362200,0,649,1,126892360,37648616,327,1.2,-0.6,0,4128111200
운행기록데이터 바디,8,97704,2025020608362300,0,650,1,126892360,37648616,327,0.0,-0.6,0,4128111200
운행기록데이터 바디,8,97704,2025020608362400,0,649,1,126892360,37648616,327,0.0,-0.6,0,4128111200
운행기록데이터 바디,8,97704,2025020608362500,0,650,1,126892360,37648616,327,1.2,-0.6,0,4128111200
운행기록데이터 바디,8,97704,2025020608362600,0,650,1,126892360,37648616,327,0.0,-0.6,0,4128111200
운행기록데이터 바디,8,97704,2025020608362700,0,649,1,126892360,37648616,327,0.0,-0.6,0,4128111200
운행기록데이터 바디,8,97704,2025020608362800,0,649,1,126892360,37648616,327,0.0,-0.6,0,4128111200
운행기록데이터 바디,8,97704,2025020608362900,0,650,1,126892360,37648616,327,0.0,-0.6,0,4128111200
운행기록데이터 바디,8,97704,2025020608363000,0,651,1,126892360,37648616,327,0.0,-0.6,0,4128111200
운행기록데이터 바디,8,97704,2025020608363100,0,652,1,126892360,37648616,327,0.0,-0.6,0,4128111200
운행기록데이터 바디,8,97704,2025020608363200,0,649,1,126892360,37648616,327,0.0,-0.6,0,4128111200
운행기록데이터 바디,8,97704,2025020608363300,0,649,1,126892360,37648616,327,0.0,-0.6,0,4128111200
운행기록데이터 바디,8,97704,2025020608363400,0,645,1,126892360,37648616,327,0.0,-0.6,0,4128111200
운행기록데이터 바디,8,97704,2025020608363500,0,651,1,126892360,37648616,327,1.2,-0.6,0,4128111200
운행기록데이터 바디,8,97704,2025020608363600,0,650,1,126892360,37648616,327,1.2,-0.6,0,4128111200
운행기록데이터 바디,8,97704,2025020608363700,0,683,1,126892360,37648616,327,2.5,-0.6,0,4128111200
운행기록데이터 바디,8,97704,2025020608363800,0,901,0,126892360,37648616,327,3.1,0.0,0,4128111200
운행기록데이터 바디,8,97704,2025020608363900,0,1306,0,126892360,37648616,327,2.5,0.0,0,4128111200
운행기록데이터 바디,8,97704,2025020608364000,2,1088,0,126892360,37648616,327,4.9,-0.6,0,4128111200
운행기록데이터 바디,8,97704,2025020608364100,4,1257,0,126892360,37648616,327,3.1,0.0,0,4128111200
운행기록데이터 바디,8,97704,2025020608364200,7,1682,0,126892312,37648692,335,2.5,0.0,0,4128111200
운행기록데이터 바디,8,97704,2025020608364300,11,1763,0,126892272,37648736,329,2.5,-1.2,0,4128111200
운행기록데이터 바디,8,97704,2025020608364400,17,1224,0,126892232,37648780,327,3.1,-1.8,0,4128111200
운행기록데이터 바디,8,97704,2025020608364500,21,1187,0,126892208,37648844,335,1.2,-1.2,0,4128111200
운행기록데이터 바디,8,97704,2025020608364600,23,1164,1,126892136,37648916,331,1.2,-0.6,0,4128111200
운행기록데이터 바디,8,97704,2025020608364700,24,1075,1,126892080,37648992,332,-1.2,-1.2,0,4128111200
운행기록데이터 바디,8,97704,2025020608364800,24,948,1,126892024,37649040,336,-1.8,-0.6,0,4128111100
운행기록데이터 바디,8,97704,2025020608364900,22,756,1,126891984,37649088,336,-2.5,1.2,0,4128111100
운행기록데이터 바디,8,97704,2025020608365000,19,675,0,126891960,37649128,344,2.5,2.5,0,4128111100
운행기록데이터 바디,8,97704,2025020608365100,17,699,0,126891952,37649168,6,2.5,2.5,0,4128111100
운행기록데이터 바디,8,97704,2025020608365200,15,821,0,126891968,37649216,27,1.8,3.1,0,4128111100
운행기록데이터 바디,8,97704,2025020608365300,15,966,0,126892000,37649260,38,2.5,2.5,0,4128111100
운행기록데이터 바디,8,97704,2025020608365400,17,1164,0,126892048,37649304,45,2.5,1.8,0,4128111100
운행기록데이터 바디,8,97704,2025020608365500,20,1396,0,126892120,37649340,56,3.1,-1.2,0,4128111100
운행기록데이터 바디,8,97704,2025020608365600,25,1640,0,126892208,37649380,58,2.5,-1.2,0,4128111100
운행기록데이터 바디,8,97704,2025020608365700,30,1753,0,126892304,37649416,60,2.5,-1.2,0,4128111100
운행기록데이터 바디,8,97704,2025020608365800,35,1239,0,126892416,37649460,61,3.7,-2.5,0,4128111100
운행기록데이터 바디,8,97704,2025020608365900,37,1037,0,126892536,37649500,62,2.5,-1.8,0,4128111100
운행기록데이터 바디,8,97704,2025020608370000,38,1037,1,126892664,37649536,63,1.8,-1.2,0,4128111100
운행기록데이터 바디,8,97704,2025020608370100,39,991,1,126892784,37649568,64,-2.5,-3.1,0,4128111100
운행기록데이터 바디,8,97704,2025020608370200,38,921,1,126892888,37649604,63,-1.2,-1.2,0,4128111100
운행기록데이터 바디,8,97704,2025020608370300,36,854,1,126893000,37649644,65,-2.5,-1.8,0,4128111100
운행기록데이터 바디,8,97704,2025020608370400,34,774,1,126893088,37649672,64,-1.8,-1.2,0,4128111200
운행기록데이터 바디,8,97704,2025020608370500,31,699,1,126893176,37649700,64,-1.8,-1.8,0,4128111200
운행기록데이터 바디,8,97704,2025020608370600,28,677,1,126893248,37649728,65,-1.2,-0.6,0,4128111200
운행기록데이터 바디,8,97704,2025020608370700,25,665,1,126893312,37649748,65,-3.1,-1.8,0,4128111200
운행기록데이터 바디,8,97704,2025020608370800,21,656,1,126893360,37649748,68,-1.8,-1.8,0,4128111200
운행기록데이터 바디,8,97704,2025020608370900,16,652,1,126893384,37649744,66,-1.2,-0.6,0,4128111200
운행기록데이터 바디,8,97704,2025020608371000,12,650,1,126893400,37649736,66,-1.2,-0.6,0,4128111200
운행기록데이터 바디,8,97704,2025020608371100,9,650,1,126893408,37649728,66,0.0,-0.6,0,4128111200
운행기록데이터 바디,8,97704,2025020608371200,4,661,1,126893408,37649720,66,1.2,-0.6,0,4128111200
운행기록데이터 바디,8,97704,2025020608371300,1,658,1,126893408,37649720,66,0.0,-0.6,0,4128111200
운행기록데이터 바디,8,97704,2025020608371400,0,653,1,126893408,37649720,66,0.0,-0.6,0,4128111200
운행기록데이터 바디,8,97704,2025020608371500,0,651,1,126893408,37649720,66,0.0,-0.6,0,4128111200
운행기록데이터 바디,8,97704,2025020608371600,0,650,1,126893408,37649720,66,0.0,-0.6,0,4128111200
운행기록데이터 바디,8,97704,2025020608371700,0,649,1,126893408,37649720,66,0.0,-0.6,0,4128111200
운행기록데이터 바디,8,97704,2025020608371800,0,649,1,126893408,37649720,66,0.0,-0.6,0,4128111200
운행기록데이터 바디,8,97704,2025020608371900,0,650,1,126893408,37649720,66,0.6,-0.6,0,4128111200
운행기록데이터 바디,8,97704,2025020608372000,0,650,1,126893408,37649720,66,0.0,-0.6,0,4128111200
운행기록데이터 바디,8,97704,2025020608372100,0,648,1,126893408,37649720,66,0.0,-0.6,0,4128111200
운행기록데이터 바디,8,97704,2025020608372200,0,648,1,126893408,37649720,66,0.0,-0.6,0,4128111200
운행기록데이터 바디,8,97704,2025020608372300,0,649,1,126893408,37649720,66,0.0,-0.6,0,4128111200
운행기록데이터 바디,8,97704,2025020608372400,0,649,1,126893408,37649720,66,0.0,-0.6,0,4128111200
운행기록데이터 바디,8,97704,2025020608372500,0,650,1,126893408,37649720,66,0.6,-0.6,0,4128111200
운행기록데이터 바디,8,97704,2025020608372600,0,650,1,126893408,37649720,66,0.6,-0.6,0,4128111200
운행기록데이터 바디,8,97704,2025020608372700,0,648,1,126893408,37649720,66,0.6,-0.6,0,4128111200
운행기록데이터 바디,8,97704,2025020608372800,0,649,1,126893408,37649720,66,0.0,-0.6,0,4128111200
운행기록데이터 바디,8,97704,2025020608372900,0,650,1,126893408,37649720,66,0.0,-0.6,0,4128111200
운행기록데이터 바디,8,97704,2025020608373000,0,651,1,126893408,37649720,66,0.0,-0.6,0,4128111200
운행기록데이터 바디,8,97704,2025020608373100,0,650,1,126893408,37649720,66,0.0,-0.6,0,4128111200
운행기록데이터 바디,8,97704,2025020608373200,0,649,1,126893408,37649720,66,0.0,-0.6,0,4128111200
운행기록데이터 바디,8,97704,2025020608373300,0,649,1,126893408,37649720,66,0.6,-0.6,0,4128111200
운행기록데이터 바디,8,97704,2025020608373400,0,650,1,126893408,37649720,66,0.0,-0.6,0,4128111200
운행기록데이터 바디,8,97704,2025020608373500,0,650,1,126893408,37649720,66,0.0,-0.6,0,4128111200
운행기록데이터 바디,8,97704,2025020608373600,0,650,1,126893408,37649720,66,0.0,-0.6,0,4128111200
운행기록데이터 바디,8,97704,2025020608373700,0,648,1,126893408,37649720,66,0.6,-0.6,0,4128111200
운행기록데이터 바디,8,97704,2025020608373800,0,650,1,126893408,37649720,66,0.6,-0.6,0,4128111200
운행기록데이터 바디,8,97704,2025020608373900,0,650,1,126893408,37649720,66,0.6,-0.6,0,4128111200
운행기록데이터 바디,8,97704,2025020608374000,0,650,1,126893408,37649720,66,0.0,-0.6,0,4128111200
운행기록데이터 바디,8,97704,2025020608374100,0,650,1,126893408,37649720,66,0.0,-0.6,0,4128111200
운행기록데이터 바디,8,97704,2025020608374200,0,649,1,126893408,37649720,66,1.2,-0.6,0,4128111200
운행기록데이터 바디,8,97704,2025020608374300,0,649,1,126893408,37649720,66,0.0,-0.6,0,4128111200
운행기록데이터 바디,8,97704,2025020608374400,0,649,1,126893408,37649720,66,0.0,-0.6,0,4128111200
운행기록데이터 바디,8,97704,2025020608374500,0,650,1,126893408,37649720,66,0.0,-0.6,0,4128111200
운행기록데이터 바디,8,97704,2025020608374600,0,650,1,126893408,37649720,66,0.0,-0.6,0,4128111200
운행기록데이터 바디,8,97704,2025020608374700,0,649,1,126893408,37649720,66,0.0,-0.6,0,4128111200
운행기록데이터 바디,8,97704,2025020608374800,0,650,1,126893408,37649720,66,0.0,-0.6,0,4128111200
운행기록데이터 바디,8,97704,2025020608374900,0,650,1,126893408,37649720,66,0.0,-0.6,0,4128111200
운행기록데이터 바디,8,97704,2025020608375000,0,650,1,126893408,37649720,66,1.2,-0.6,0,4128111200
운행기록데이터 바디,8,97704,2025020608375100,0,652,1,126893408,37649720,66,0.0,-0.6,0,4128111200
운행기록데이터 바디,8,97704,2025020608375200,0,649,1,126893408,37649720,66,0.0,-0.6,0,4128111200
운행기록데이터 바디,8,97704,2025020608375300,0,645,1,126893408,37649720,66,0.0,-0.6,0,4128111200
운행기록데이터 바디,8,97704,2025020608375400,0,652,1,126893408,37649720,66,0.0,-0.6,0,4128111200
운행기록데이터 바디,8,97704,2025020608375500,0,651,1,126893408,37649720,66,0.0,-0.6,0,4128111200
운행기록데이터 바디,8,97704,2025020608375600,0,652,1,126893408,37649720,66,0.0,-0.6,0,4128111200
운행기록데이터 바디,8,97704,2025020608375700,0,650,1,126893408,37649720,66,0.0,-0.6,0,4128111200
운행기록데이터 바디,8,97704,2025020608375800,0,646,1,126893408,37649720,66,1.2,-0.6,0,4128111200
운행기록데이터 바디,8,97704,2025020608375900,0,896,0,126893408,37649720,66,2.5,0.0,0,4128111200
운행기록데이터 바디,8,97704,2025020608380000,0,986,0,126893408,37649720,66,3.7,-0.6,0,4128111200
운행기록데이터 바디,8,97704,2025020608380100,0,1588,0,126893408,37649720,66,3.7,-0.6,0,4128111200
운행기록데이터 바디,8,97704,2025020608380200,2,1295,0,126893408,37649720,66,3.1,-1.2,0,4128111200
운행기록데이터 바디,8,97704,2025020608380300,4,1501,0,126893408,37649720,66,3.1,0.0,0,4128111200
운행기록데이터 바디,8,97704,2025020608380400,8,1819,0,126893408,37649720,66,3.1,-1.8,0,4128111200
운행기록데이터 바디,8,97704,2025020608380500,14,1292,0,126893552,37649764,59,2.5,-1.2,0,4128111200
운행기록데이터 바디,8,97704,2025020608380600,20,1251,0,126893632,37649800,63,2.5,-1.2,0,4128111200
운행기록데이터 바디,8,97704,2025020608380700,23,1356,0,126893704,37649828,65,2.5,-1.2,0,4128111200
운행기록데이터 바디,8,97704,2025020608380800,26,1545,0,126893792,37649864,64,3.7,-1.2,0,4128111200
운행기록데이터 바디,8,97704,2025020608380900,29,1789,0,126893888,37649900,64,6.1,-1.8,0,4128111200
운행기록데이터 바디,8,97704,2025020608381000,34,1845,0,126894000,37649940,63,-4.9,-2.5,0,4128111200
운행기록데이터 바디,8,97704,2025020608381100,38,1300,0,126894112,37649964,62,2.5,-1.2,0,4128111200
운행기록데이터 바디,8,97704,2025020608381200,40,1089,0,126894232,37649996,62,3.7,-1.8,0,4128111200
운행기록데이터 바디,8,97704,2025020608381300,40,1140,0,126894352,37650052,64,3.1,-1.8,0,4128111100
운행기록데이터 바디,8,97704,2025020608381400,41,1184,0,126894464,37650104,65,3.1,-2.5,0,4128111100
운행기록데이터 바디,9,97704,2025020608381500,43,1156,1,126894584,37650160,65,1.2,-1.2,0,4128111100
운행기록데이터 바디,9,97704,2025020608381600,44,1090,0,126894704,37650204,66,-1.8,-2.5,0,4128111100
운행기록데이터 바디,9,97704,2025020608381700,42,1040,0,126894832,37650248,67,3.7,-2.5,0,4128111100
운행기록데이터 바디,9,97704,2025020608381800,40,981,1,126894944,37650292,66,-1.8,-1.8,0,4128111100
운행기록데이터 바디,9,97704,2025020608381900,38,912,1,126895048,37650332,63,-2.5,-0.6,0,4128111100
운행기록데이터 바디,9,97704,2025020608382000,36,816,1,126895160,37650348,66,-2.5,-1.8,0,4128111100
운행기록데이터 바디,9,97704,2025020608382100,33,698,1,126895248,37650364,70,-1.8,-1.2,0,4128111100
운행기록데이터 바디,9,97704,2025020608382200,30,588,1,126895328,37650376,74,-3.1,3.1,0,4128111100
운행기록데이터 바디,9,97704,2025020608382300,26,605,1,126895392,37650384,78,-2.5,-4.9,0,4128111100
운행기록데이터 바디,9,97704,2025020608382400,22,716,1,126895440,37650384,77,1.2,-3.1,0,4128111100
운행기록데이터 바디,9,97704,2025020608382500,19,681,1,126895488,37650364,68,-1.2,-1.2,0,4128111100
운행기록데이터 바디,9,97704,2025020608382600,16,667,1,126895520,37650364,70,-1.2,-1.2,0,4128111100
운행기록데이터 바디,9,97704,2025020608382700,13,655,1,126895552,37650364,74,-1.2,-1.8,0,4128111100
운행기록데이터 바디,9,97704,2025020608382800,10,652,1,126895576,37650372,82,-2.5,-0.6,0,4128111100
운행기록데이터 바디,9,97704,2025020608382900,8,653,1,126895584,37650368,82,1.8,-0.6,0,4128111100
운행기록데이터 바디,9,97704,2025020608383000,4,650,1,126895592,37650364,82,0.6,-0.6,0,4128111100
운행기록데이터 바디,9,97704,2025020608383100,1,652,1,126895592,37650364,82,0.0,-0.6,0,4128111100
운행기록데이터 바디,9,97704,2025020608383200,0,649,1,126895592,37650364,82,1.2,-0.6,0,4128111100
운행기록데이터 바디,9,97704,2025020608383300,0,645,1,126895592,37650364,82,0.0,-0.6,0,4128111100
운행기록데이터 바디,9,97704,2025020608383400,0,650,1,126895592,37650364,82,0.0,-0.6,0,4128111100
운행기록데이터 바디,9,97704,2025020608383500,0,651,1,126895592,37650364,82,1.2,-0.6,0,4128111100
운행기록데이터 바디,9,97704,2025020608383600,0,650,1,126895592,37650364,82,0.6,-0.6,0,4128111100
운행기록데이터 바디,9,97704,2025020608383700,0,649,1,126895592,37650364,82,0.6,-0.6,0,4128111100
운행기록데이터 바디,9,97704,2025020608383800,0,650,1,126895592,37650364,82,1.2,-0.6,0,4128111100
운행기록데이터 바디,9,97704,2025020608383900,0,649,1,126895592,37650364,82,0.6,-0.6,0,4128111100
운행기록데이터 바디,9,97704,2025020608384000,0,650,1,126895592,37650364,82,1.2,-0.6,0,4128111100
운행기록데이터 바디,9,97704,2025020608384100,0,649,1,126895592,37650364,82,0.6,-0.6,0,4128111100
운행기록데이터 바디,9,97704,2025020608384200,0,649,1,126895592,37650364,82,1.2,-0.6,0,4128111100
운행기록데이터 바디,9,97704,2025020608384300,0,650,1,126895592,37650364,82,1.2,-0.6,0,4128111100
운행기록데이터 바디,9,97704,2025020608384400,0,650,1,126895592,37650364,82,1.2,-0.6,0,4128111100
운행기록데이터 바디,9,97704,2025020608384500,0,651,1,126895592,37650364,82,1.2,-0.6,0,4128111100
운행기록데이터 바디,9,97704,2025020608384600,0,649,1,126895592,37650364,82,0.0,-0.6,0,4128111100
운행기록데이터 바디,9,97704,2025020608384700,0,649,1,126895592,37650364,82,1.2,-0.6,0,4128111100
운행기록데이터 바디,9,97704,2025020608384800,0,649,1,126895592,37650364,82,1.2,-0.6,0,4128111100
운행기록데이터 바디,9,97704,2025020608384900,0,650,1,126895592,37650364,82,1.2,-0.6,0,4128111100
운행기록데이터 바디,9,97704,2025020608385000,0,651,1,126895592,37650364,82,1.2,-0.6,0,4128111100
운행기록데이터 바디,9,97704,2025020608385100,0,649,1,126895592,37650364,82,1.2,-0.6,0,4128111100
운행기록데이터 바디,9,97704,2025020608385200,0,649,1,126895592,37650364,82,0.0,-0.6,0,4128111100
운행기록데이터 바디,9,97704,2025020608385300,0,649,1,126895592,37650364,82,1.2,-0.6,0,4128111100
운행기록데이터 바디,9,97704,2025020608385400,0,650,1,126895592,37650364,82,1.2,-0.6,0,4128111100
운행기록데이터 바디,9,97704,2025020608385500,0,650,1,126895592,37650364,82,0.0,-0.6,0,4128111100
운행기록데이터 바디,9,97704,2025020608385600,0,649,1,126895592,37650364,82,1.2,-0.6,0,4128111100
운행기록데이터 바디,9,97704,2025020608385700,0,649,1,126895592,37650364,82,1.2,-0.6,0,4128111100
운행기록데이터 바디,9,97704,2025020608385800,0,649,1,126895592,37650364,82,0.6,-0.6,0,4128111100
운행기록데이터 바디,9,97704,2025020608385900,0,650,1,126895592,37650364,82,1.2,-0.6,0,4128111100
운행기록데이터 바디,9,97704,2025020608390000,0,650,1,126895592,37650364,82,0.0,-0.6,0,4128111100
운행기록데이터 바디,9,97704,2025020608390100,0,650,1,126895592,37650364,82,1.2,-0.6,0,4128111100
운행기록데이터 바디,9,97704,2025020608390200,0,649,1,126895592,37650364,82,0.0,-0.6,0,4128111100
운행기록데이터 바디,9,97704,2025020608390300,0,649,1,126895592,37650364,82,1.2,-0.6,0,4128111100
운행기록데이터 바디,9,97704,2025020608390400,0,649,1,126895592,37650364,82,0.0,-0.6,0,4128111100
운행기록데이터 바디,9,97704,2025020608390500,0,650,1,126895592,37650364,82,1.2,-0.6,0,4128111100
운행기록데이터 바디,9,97704,2025020608390600,0,649,1,126895592,37650364,82,1.2,-1.2,0,4128111100
운행기록데이터 바디,9,97704,2025020608390700,0,650,1,126895592,37650364,82,1.2,-0.6,0,4128111100
운행기록데이터 바디,9,97704,2025020608390800,0,649,1,126895592,37650364,82,1.2,-0.6,0,4128111100
운행기록데이터 바디,9,97704,2025020608390900,0,650,1,126895592,37650364,82,1.2,-0.6,0,4128111100
운행기록데이터 바디,9,97704,2025020608391000,0,650,1,126895592,37650364,82,0.6,-0.6,0,4128111100
운행기록데이터 바디,9,97704,2025020608391100,0,651,1,126895592,37650364,82,1.2,-0.6,0,4128111100
운행기록데이터 바디,9,97704,2025020608391200,0,649,1,126895592,37650364,82,1.2,-0.6,0,4128111100
운행기록데이터 바디,9,97704,2025020608391300,0,650,1,126895592,37650364,82,0.6,-0.6,0,4128111100
운행기록데이터 바디,9,97704,2025020608391400,0,650,1,126895592,37650364,82,1.2,-0.6,0,4128111100
운행기록데이터 바디,9,97704,2025020608391500,0,650,1,126895592,37650364,82,0.0,-0.6,0,4128111100
운행기록데이터 바디,9,97704,2025020608391600,0,650,1,126895592,37650364,82,1.2,-0.6,0,4128111100
운행기록데이터 바디,9,97704,2025020608391700,0,649,1,126895592,37650364,82,1.2,-0.6,0,4128111100
운행기록데이터 바디,9,97704,2025020608391800,0,649,1,126895592,37650364,82,1.2,-0.6,0,4128111100
운행기록데이터 바디,9,97704,2025020608391900,0,650,1,126895592,37650364,82,1.2,-0.6,0,4128111100
운행기록데이터 바디,9,97704,2025020608392000,0,650,1,126895592,37650364,82,0.0,-0.6,0,4128111100
운행기록데이터 바디,9,97704,2025020608392100,0,651,1,126895592,37650364,82,1.2,-0.6,0,4128111100
운행기록데이터 바디,9,97704,2025020608392200,0,648,1,126895592,37650364,82,1.2,-0.6,0,4128111100
운행기록데이터 바디,9,97704,2025020608392300,0,649,1,126895592,37650364,82,1.2,-0.6,0,4128111100
운행기록데이터 바디,9,97704,2025020608392400,0,650,1,126895592,37650364,82,0.6,-0.6,0,4128111100
운행기록데이터 바디,9,97704,2025020608392500,0,649,1,126895592,37650364,82,1.2,-0.6,0,4128111100
운행기록데이터 바디,9,97704,2025020608392600,0,650,1,126895592,37650364,82,1.2,-0.6,0,4128111100
운행기록데이터 바디,9,97704,2025020608392700,0,646,1,126895592,37650364,82,1.2,-0.6,0,4128111100
운행기록데이터 바디,9,97704,2025020608392800,0,853,0,126895592,37650364,82,1.8,-1.2,0,4128111100
운행기록데이터 바디,9,97704,2025020608392900,0,629,0,126895592,37650364,82,1.8,-1.2,0,4128111100
운행기록데이터 바디,9,97704,2025020608393000,0,804,0,126895592,37650364,82,1.8,-0.6,0,4128111100
운행기록데이터 바디,9,97704,2025020608393100,2,1187,0,126895592,37650364,82,1.8,-0.6,0,4128111100
운행기록데이터 바디,9,97704,2025020608393200,3,980,0,126895592,37650364,82,1.8,0.0,0,4128111100
운행기록데이터 바디,9,97704,2025020608393300,5,941,0,126895592,37650364,82,2.5,0.6,0,4128111100
운행기록데이터 바디,9,97704,2025020608393400,6,1098,0,126895664,37650412,61,1.8,0.0,0,4128111100
운행기록데이터 바디,9,97704,2025020608393500,9,1208,0,126895696,37650452,64,1.8,0.0,0,4128111100
운행기록데이터 바디,9,97704,2025020608393600,11,1260,0,126895744,37650480,64,1.8,0.0,0,4128111100
운행기록데이터 바디,9,97704,2025020608393700,13,1416,0,126895800,37650496,66,1.8,-1.8,0,4128111100
운행기록데이터 바디,9,97704,2025020608393800,14,1549,0,126895848,37650508,67,1.8,-1.2,0,4128111100
운행기록데이터 바디,9,97704,2025020608393900,16,1416,0,126895904,37650524,66,1.2,-1.2,0,4128111100
운행기록데이터 바디,9,97704,2025020608394000,17,974,0,126895968,37650540,71,2.5,-1.8,0,4128111100
운행기록데이터 바디,9,97704,2025020608394100,17,965,0,126896024,37650556,75,-2.5,-2.5,0,4128111100
운행기록데이터 바디,9,97704,2025020608394200,19,983,1,126896080,37650568,73,1.2,-1.2,0,4128111100
운행기록데이터 바디,9,97704,2025020608394300,20,899,1,126896152,37650576,76,-1.8,-1.2,0,4128111100
운행기록데이터 바디,9,97704,2025020608394400,20,765,1,126896208,37650584,79,-1.8,-0.6,0,4128111100
운행기록데이터 바디,9,97704,2025020608394500,18,732,1,126896256,37650584,83,-1.2,-0.6,0,4128111100
운행기록데이터 바디,9,97704,2025020608394600,15,697,1,126896288,37650584,90,-1.2,-0.6,0,4128111100
운행기록데이터 바디,9,97704,2025020608394700,12,670,1,126896312,37650580,92,0.6,-0.6,0,4128111100
운행기록데이터 바디,9,97704,2025020608394800,9,657,1,126896328,37650576,92,0.0,-0.6,0,4128111100
운행기록데이터 바디,9,97704,2025020608394900,5,656,1,126896328,37650572,92,1.2,-0.6,0,4128111100
운행기록데이터 바디,9,97704,2025020608395000,1,654,1,126896328,37650572,92,0.0,-0.6,0,4128111100
운행기록데이터 바디,9,97704,2025020608395100,0,651,1,126896328,37650572,92,0.0,-0.6,0,4128111100
운행기록데이터 바디,9,97704,2025020608395200,0,648,1,126896328,37650572,92,0.0,-0.6,0,4128111100
운행기록데이터 바디,9,97704,2025020608395300,0,649,1,126896328,37650572,92,1.2,-0.6,0,4128111100
운행기록데이터 바디,9,97704,2025020608395400,0,650,1,126896328,37650572,92,1.2,-0.6,0,4128111100
운행기록데이터 바디,9,97704,2025020608395500,0,650,1,126896328,37650572,92,0.0,-0.6,0,4128111100
운행기록데이터 바디,9,97704,2025020608395600,0,650,1,126896328,37650572,92,0.0,-0.6,0,4128111100
운행기록데이터 바디,9,97704,2025020608395700,0,648,1,126896328,37650572,92,0.0,-0.6,0,4128111100
운행기록데이터 바디,9,97704,2025020608395800,0,649,1,126896328,37650572,92,0.0,-0.6,0,4128111100
운행기록데이터 바디,9,97704,2025020608395900,0,650,1,126896328,37650572,92,0.0,-0.6,0,4128111100
운행기록데이터 바디,9,97704,2025020608400000,0,650,1,126896328,37650572,92,0.0,-0.6,0,4128111100
운행기록데이터 바디,9,97704,2025020608400100,0,650,1,126896328,37650572,92,0.0,-0.6,0,4128111100
운행기록데이터 바디,9,97704,2025020608400200,0,649,1,126896328,37650572,92,0.0,-0.6,0,4128111100
운행기록데이터 바디,9,97704,2025020608400300,0,649,1,126896328,37650572,92,1.2,-0.6,0,4128111100
운행기록데이터 바디,9,97704,2025020608400400,0,650,1,126896328,37650572,92,1.2,-0.6,0,4128111100
운행기록데이터 바디,9,97704,2025020608400500,0,650,1,126896328,37650572,92,0.0,-0.6,0,4128111100
운행기록데이터 바디,9,97704,2025020608400600,0,649,1,126896328,37650572,92,1.2,-0.6,0,4128111100
운행기록데이터 바디,9,97704,2025020608400700,0,649,1,126896328,37650572,92,1.2,-0.6,0,4128111100
운행기록데이터 바디,9,97704,2025020608400800,0,649,1,126896328,37650572,92,0.0,-0.6,0,4128111100
운행기록데이터 바디,9,97704,2025020608400900,0,650,1,126896328,37650572,92,0.0,-0.6,0,4128111100
운행기록데이터 바디,9,97704,2025020608401000,0,651,1,126896328,37650572,92,0.0,-0.6,0,4128111100
운행기록데이터 바디,9,97704,2025020608401100,0,650,1,126896328,37650572,92,0.0,-0.6,0,4128111100
운행기록데이터 바디,9,97704,2025020608401200,0,649,1,126896328,37650572,92,1.2,-0.6,0,4128111100
운행기록데이터 바디,9,97704,2025020608401300,0,649,1,126896328,37650572,92,0.0,-0.6,0,4128111100
운행기록데이터 바디,9,97704,2025020608401400,0,650,1,126896328,37650572,92,0.0,-0.6,0,4128111100
운행기록데이터 바디,9,97704,2025020608401500,0,650,1,126896328,37650572,92,0.0,-0.6,0,4128111100
운행기록데이터 바디,9,97704,2025020608401600,0,651,1,126896328,37650572,92,0.6,-0.6,0,4128111100
운행기록데이터 바디,9,97704,2025020608401700,0,780,0,126896328,37650572,92,2.5,0.0,0,4128111100
운행기록데이터 바디,9,97704,2025020608401800,0,1102,0,126896328,37650572,92,3.1,-1.2,0,4128111100
운행기록데이터 바디,9,97704,2025020608401900,1,1530,0,126896328,37650572,92,2.5,-1.2,0,4128111100
운행기록데이터 바디,9,97704,2025020608402000,3,1114,0,126896328,37650572,92,3.1,-1.2,0,4128111100
운행기록데이터 바디,9,97704,2025020608402100,5,1294,0,126896328,37650572,92,3.1,-1.8,0,4128111100
운행기록데이터 바디,9,97704,2025020608402200,8,1539,0,126896328,37650572,92,2.5,-3.1,0,4128111100
운행기록데이터 바디,9,97704,2025020608402300,12,1252,0,126896464,37650616,66,2.5,-3.1,0,4128111100
운행기록데이터 바디,9,97704,2025020608402400,15,895,0,126896512,37650636,55,2.5,-4.9,0,4128111100
운행기록데이터 바디,9,97704,2025020608402500,17,986,0,126896560,37650660,46,1.2,-3.1,0,4128111100
운행기록데이터 바디,9,97704,2025020608402600,19,1022,0,126896592,37650700,33,1.8,-3.7,0,4128111100
운행기록데이터 바디,9,97704,2025020608402700,20,1058,0,126896616,37650752,7,-3.7,-3.7,0,4128111100
운행기록데이터 바디,9,97704,2025020608402800,21,1177,0,126896600,37650808,343,1.8,-2.5,0,4128111100
운행기록데이터 바디,9,97704,2025020608402900,23,1352,0,126896568,37650876,329,2.5,-1.2,0,4128111100
운행기록데이터 바디,9,97704,2025020608403000,25,1530,0,126896520,37650940,331,1.8,-1.2,0,4128111100
운행기록데이터 바디,9,97704,2025020608403100,29,1269,0,126896480,37651016,334,-1.2,-1.8,0,4128111100
운행기록데이터 바디,9,97704,2025020608403200,31,965,0,126896432,37651096,336,1.8,-1.2,0,4128111100
운행기록데이터 바디,9,97704,2025020608403300,33,935,0,126896384,37651176,336,2.5,-1.8,0,4128111100
운행기록데이터 바디,9,97704,2025020608403400,34,935,0,126896336,37651260,334,1.2,-1.2,0,4128111100
운행기록데이터 바디,9,97704,2025020608403500,35,914,0,126896288,37651340,333,1.8,-1.2,0,4128111100
운행기록데이터 바디,9,97704,2025020608403600,35,889,1,126896240,37651424,334,1.2,-1.2,0,4128111100
운행기록데이터 바디,9,97704,2025020608403700,34,849,1,126896192,37651500,335,0.0,-1.2,0,4128111100
운행기록데이터 바디,9,97704,2025020608403800,33,789,1,126896160,37651572,336,-1.2,-0.6,0,4128111100
운행기록데이터 바디,9,97704,2025020608403900,31,727,1,126896120,37651640,335,-1.2,-0.6,0,4128111100
운행기록데이터 바디,9,97704,2025020608404000,29,710,1,126896080,37651708,336,-1.8,-0.6,0,4128111100
운행기록데이터 바디,9,97704,2025020608404100,26,683,1,126896048,37651760,336,-1.2,-0.6,0,4128111100
운행기록데이터 바디,9,97704,2025020608404200,22,663,1,126896024,37651804,333,-1.2,-0.6,0,4128111100
운행기록데이터 바디,9,97704,2025020608404300,19,654,0,126896000,37651840,334,0.0,-0.6,0,4128111100
운행기록데이터 바디,9,97704,2025020608404400,17,655,1,126895984,37651876,333,1.2,-1.2,0,4128111100
운행기록데이터 바디,9,97704,2025020608404500,15,653,1,126895960,37651904,331,-1.2,-0.6,0,4128111100
운행기록데이터 바디,9,97704,2025020608404600,14,651,1,126895944,37651932,332,-1.8,-0.6,0,4128111100
운행기록데이터 바디,9,97704,2025020608404700,12,648,1,126895928,37651952,330,-0.6,-0.6,0,4128111100
운행기록데이터 바디,9,97704,2025020608404800,9,648,1,126895920,37651964,315,0.0,-0.6,0,4128111100
운행기록데이터 바디,9,97704,2025020608404900,7,648,1,126895912,37651968,315,0.0,-0.6,0,4128111100
운행기록데이터 바디,9,97704,2025020608405000,6,650,0,126895912,37651968,315,0.0,-0.6,0,4128111100
운행기록데이터 바디,9,97704,2025020608405100,4,827,0,126895912,37651968,315,2.5,-0.6,0,4128111100
운행기록데이터 바디,9,97704,2025020608405200,2,764,0,126895912,37651968,315,3.1,-1.2,0,4128111100
운행기록데이터 바디,9,97704,2025020608405300,2,977,0,126895912,37651968,315,3.1,-1.2,0,4128111100
운행기록데이터 바디,9,97704,2025020608405400,4,1339,0,126895912,37651968,315,1.8,-1.2,0,4128111100
운행기록데이터 바디,9,97704,2025020608405500,7,1149,0,126895912,37651968,315,1.8,-1.2,0,4128111100
운행기록데이터 바디,9,97704,2025020608405600,11,790,0,126895832,37652076,332,-1.8,-1.2,0,4128111100
운행기록데이터 바디,9,97704,2025020608405700,14,765,0,126895808,37652120,336,1.2,-1.2,0,4128111100
운행기록데이터 바디,9,97704,2025020608405800,16,774,0,126895792,37652160,346,0.0,-1.8,0,4128111100
운행기록데이터 바디,9,97704,2025020608405900,16,748,1,126895776,37652204,346,-2.5,-1.8,0,4128111100
운행기록데이터 바디,9,97705,2025020608410000,16,701,0,126895768,37652236,346,1.2,-2.5,0,4128111100
운행기록데이터 바디,9,97705,2025020608410100,16,691,0,126895760,37652272,343,0.0,-1.8,0,4128111100
운행기록데이터 바디,9,97705,2025020608410200,15,675,1,126895744,37652304,334,-1.2,-0.6,0,4128111100
운행기록데이터 바디,9,97705,2025020608410300,15,646,1,126895728,37652340,333,-1.8,-0.6,0,4128111100
운행기록데이터 바디,9,97705,2025020608410400,13,646,1,126895712,37652368,332,-1.2,-0.6,0,4128111100
운행기록데이터 바디,9,97705,2025020608410500,11,648,1,126895696,37652380,326,0.0,-0.6,0,4128111100
운행기록데이터 바디,9,97705,2025020608410600,9,649,1,126895688,37652392,326,0.6,-0.6,0,4128111100
운행기록데이터 바디,9,97705,2025020608410700,7,647,1,126895688,37652404,326,0.0,-0.6,0,4128111100
운행기록데이터 바디,9,97705,2025020608410800,6,648,1,126895688,37652408,326,-1.2,-0.6,0,4128111100
운행기록데이터 바디,9,97705,2025020608410900,4,649,1,126895688,37652408,326,0.6,-0.6,0,4128111100
운행기록데이터 바디,9,97705,2025020608411000,1,645,1,126895688,37652408,326,0.0,-0.6,0,4128111100
운행기록데이터 바디,9,97705,2025020608411100,0,650,1,126895688,37652408,326,0.0,-0.6,0,4128111100
운행기록데이터 바디,9,97705,2025020608411200,0,648,1,126895688,37652408,326,0.0,-0.6,0,4128111100
운행기록데이터 바디,9,97705,2025020608411300,0,650,1,126895688,37652408,326,0.0,-0.6,0,4128111100
운행기록데이터 바디,9,97705,2025020608411400,0,650,1,126895688,37652408,326,0.6,-0.6,0,4128111100
운행기록데이터 바디,9,97705,2025020608411500,0,650,1,126895688,37652408,326,0.0,-0.6,0,4128111100
운행기록데이터 바디,9,97705,2025020608411600,0,650,1,126895688,37652408,326,-0.6,-0.6,0,4128111100
운행기록데이터 바디,9,97705,2025020608411700,0,649,1,126895688,37652408,326,0.0,-0.6,0,4128111100
운행기록데이터 바디,9,97705,2025020608411800,0,649,1,126895688,37652408,326,0.0,-0.6,0,4128111100
운행기록데이터 바디,9,97705,2025020608411900,0,650,1,126895688,37652408,326,0.0,-0.6,0,4128111100
운행기록데이터 바디,9,97705,2025020608412000,0,650,1,126895688,37652408,326,-0.6,-0.6,0,4128111100
운행기록데이터 바디,9,97705,2025020608412100,0,649,1,126895688,37652408,326,0.6,-0.6,0,4128111100
운행기록데이터 바디,9,97705,2025020608412200,0,649,1,126895688,37652408,326,0.0,-0.6,0,4128111100
운행기록데이터 바디,9,97705,2025020608412300,0,649,1,126895688,37652408,326,0.0,-0.6,0,4128111100
운행기록데이터 바디,9,97705,2025020608412400,0,650,1,126895688,37652408,326,-0.6,-0.6,0,4128111100
운행기록데이터 바디,9,97705,2025020608412500,0,650,1,126895688,37652408,326,0.0,-0.6,0,4128111100
운행기록데이터 바디,9,97705,2025020608412600,0,648,1,126895688,37652408,326,0.0,-0.6,0,4128111100
운행기록데이터 바디,9,97705,2025020608412700,0,648,1,126895688,37652408,326,0.6,-0.6,0,4128111100
운행기록데이터 바디,9,97705,2025020608412800,0,648,1,126895688,37652408,326,0.0,-0.6,0,4128111100
운행기록데이터 바디,9,97705,2025020608412900,0,652,1,126895688,37652408,326,0.0,-0.6,0,4128111100
운행기록데이터 바디,9,97705,2025020608413000,0,651,1,126895688,37652408,326,0.0,-0.6,0,4128111100
운행기록데이터 바디,9,97705,2025020608413100,0,650,1,126895688,37652408,326,0.6,-0.6,0,4128111100
운행기록데이터 바디,9,97705,2025020608413200,0,649,1,126895688,37652408,326,0.0,-0.6,0,4128111100
운행기록데이터 바디,9,97705,2025020608413300,0,649,1,126895688,37652408,326,0.6,-0.6,0,4128111100
운행기록데이터 바디,9,97705,2025020608413400,0,650,1,126895688,37652408,326,0.0,-0.6,0,4128111100
운행기록데이터 바디,9,97705,2025020608413500,0,650,1,126895688,37652408,326,0.0,-0.6,0,4128111100
운행기록데이터 바디,9,97705,2025020608413600,0,650,1,126895688,37652408,326,0.0,-0.6,0,4128111100
운행기록데이터 바디,9,97705,2025020608413700,0,649,1,126895688,37652408,326,0.0,-0.6,0,4128111100
운행기록데이터 바디,9,97705,2025020608413800,0,650,1,126895688,37652408,326,0.0,-0.6,0,4128111100
운행기록데이터 바디,9,97705,2025020608413900,0,651,1,126895688,37652408,326,0.0,-0.6,0,4128111100
운행기록데이터 바디,9,97705,2025020608414000,0,841,1,126895688,37652408,326,1.8,-0.6,0,4128111100
운행기록데이터 바디,9,97705,2025020608414100,0,1061,0,126895688,37652408,326,2.5,-1.8,0,4128111100
운행기록데이터 바디,9,97705,2025020608414200,0,1417,0,126895688,37652408,326,1.8,-0.6,0,4128111100
운행기록데이터 바디,9,97705,2025020608414300,1,1267,0,126895688,37652408,326,3.7,-0.6,0,4128111100
운행기록데이터 바디,9,97705,2025020608414400,4,1407,0,126895688,37652408,326,3.1,-0.6,0,4128111100
운행기록데이터 바디,9,97705,2025020608414500,7,1827,0,126895536,37652484,326,1.8,0.0,0,4128111100
운행기록데이터 바디,9,97705,2025020608414600,13,1948,0,126895496,37652540,327,2.5,0.0,0,4128111100
운행기록데이터 바디,9,97705,2025020608414700,18,1808,0,126895464,37652592,328,-1.8,0.0,0,4128111100
운행기록데이터 바디,9,97705,2025020608414800,21,1640,0,126895424,37652644,333,-1.8,-1.2,0,4128111100
운행기록데이터 바디,9,97705,2025020608414900,20,1513,0,126895400,37652692,337,-1.2,-1.2,0,4128111100
운행기록데이터 바디,9,97705,2025020608415000,19,1479,0,126895408,37652736,339,1.2,-0.6,0,4128111100
운행기록데이터 바디,9,97705,2025020608415100,18,1402,0,126895432,37652784,340,0.0,-1.2,0,4128111100
운행기록데이터 바디,9,97705,2025020608415200,17,1236,0,126895432,37652820,340,-1.2,-0.6,0,4128111100
운행기록데이터 바디,9,97705,2025020608415300,16,964,0,126895424,37652856,342,2.5,-1.2,0,4128111100
운행기록데이터 바디,9,97705,2025020608415400,15,812,0,126895416,37652888,343,2.5,0.0,0,4128111100
운행기록데이터 바디,9,97705,2025020608415500,15,943,0,126895408,37652924,343,2.5,-1.2,0,4128111100
운행기록데이터 바디,9,97705,2025020608415600,17,921,1,126895400,37652968,344,-1.2,-1.2,0,4128111100
운행기록데이터 바디,9,97705,2025020608415700,19,865,0,126895384,37653016,345,1.8,-0.6,0,4128111100
운행기록데이터 바디,9,97705,2025020608415800,19,930,0,126895376,37653056,347,1.2,-0.6,0,4128111100
운행기록데이터 바디,9,97705,2025020608415900,19,989,0,126895360,37653100,348,1.8,-0.6,0,4128111100
운행기록데이터 바디,9,97705,2025020608420000,19,1125,0,126895352,37653148,348,2.5,0.0,0,4128111100
운행기록데이터 바디,9,97705,2025020608420100,21,1301,0,126895344,37653204,346,2.5,-1.2,0,4128111100
운행기록데이터 바디,9,97705,2025020608420200,24,1317,0,126895336,37653268,347,-1.2,0.0,0,4128111100
운행기록데이터 바디,9,97705,2025020608420300,27,1216,0,126895312,37653332,346,1.2,0.0,0,4128111100
운행기록데이터 바디,9,97705,2025020608420400,27,1134,1,126895296,37653396,345,1.2,0.0,0,4128111100
운행기록데이터 바디,9,97705,2025020608420500,25,1000,1,126895280,37653452,346,-4.9,1.8,0,4128111100
운행기록데이터 바디,9,97705,2025020608420600,23,879,1,126895264,37653512,354,3.7,2.5,0,4128111100
운행기록데이터 바디,9,97705,2025020608420700,21,754,1,126895272,37653564,10,-2.5,1.2,0,4128111100
운행기록데이터 바디,9,97705,2025020608420800,18,701,1,126895288,37653604,23,-2.5,0.6,0,4128111100
운행기록데이터 바디,9,97705,2025020608420900,15,672,1,126895312,37653628,37,-1.2,-0.6,0,4128111100
운행기록데이터 바디,9,97705,2025020608421000,11,665,0,126895328,37653636,57,0.6,-0.6,0,4128111100
운행기록데이터 바디,9,97705,2025020608421100,8,757,0,126895336,37653636,57,2.5,1.2,0,4128111100
운행기록데이터 바디,9,97705,2025020608421200,6,634,0,126895336,37653640,57,2.5,-0.6,0,4128111100
운행기록데이터 바디,9,97705,2025020608421300,5,793,0,126895352,37653644,57,2.5,1.2,0,4128111100
운행기록데이터 바디,9,97705,2025020608421400,4,1152,0,126895352,37653644,57,1.2,1.2,0,4128111100
운행기록데이터 바디,9,97705,2025020608421500,5,997,0,126895352,37653644,57,2.5,1.8,0,4128111100
운행기록데이터 바디,9,97705,2025020608421600,5,845,0,126895352,37653644,57,2.5,0.6,0,4128111100
운행기록데이터 바디,9,97705,2025020608421700,6,1191,0,126895472,37653632,90,3.1,-1.2,0,4128111100
운행기록데이터 바디,9,97705,2025020608421800,8,1595,0,126895504,37653628,85,2.5,0.6,0,4128111100
운행기록데이터 바디,9,97705,2025020608421900,12,1811,0,126895560,37653628,84,2.5,0.0,0,4128111100
운행기록데이터 바디,9,97705,2025020608422000,16,1313,0,126895632,37653628,84,3.1,-1.2,0,4128111100
운행기록데이터 바디,9,97705,2025020608422100,20,1180,0,126895696,37653632,86,2.5,-1.2,0,4128111100
운행기록데이터 바디,9,97705,2025020608422200,22,1401,0,126895776,37653636,85,2.5,0.0,0,4128111100
운행기록데이터 바디,9,97705,2025020608422300,26,1642,0,126895864,37653640,85,2.5,0.0,0,4128111100
운행기록데이터 바디,9,97705,2025020608422400,30,1895,0,126895968,37653644,85,3.7,1.8,0,4128111100
운행기록데이터 바디,9,97705,2025020608422500,35,1983,0,126896088,37653652,86,3.7,1.8,0,4128111100
운행기록데이터 바디,9,97705,2025020608422600,40,1422,0,126896224,37653660,86,1.8,-1.8,0,4128111100
운행기록데이터 바디,9,97705,2025020608422700,43,1221,0,126896360,37653664,86,6.1,-2.5,0,4128111100
운행기록데이터 바디,9,97705,2025020608422800,45,1289,0,126896512,37653672,86,4.9,-1.2,0,4128111100
운행기록데이터 바디,9,97705,2025020608422900,47,1373,0,126896664,37653676,86,-3.1,1.8,0,4128111100
운행기록데이터 바디,9,97705,2025020608423000,49,1478,0,126896824,37653688,86,4.9,-1.8,0,4128111100
운행기록데이터 바디,9,97705,2025020608423100,53,1502,0,126896992,37653692,86,1.8,-1.2,0,4128111100
운행기록데이터 바디,9,97705,2025020608423200,56,1140,0,126897168,37653700,87,-3.1,4.9,0,4128111100
운행기록데이터 바디,9,97705,2025020608423300,59,1121,0,126897360,37653708,86,-1.2,-1.8,0,4128111100
운행기록데이터 바디,9,97705,2025020608423400,60,1167,0,126897544,37653712,87,1.8,-1.8,0,4128111100
운행기록데이터 바디,9,97705,2025020608423500,61,1206,0,126897728,37653716,88,3.1,-1.8,0,4128111100
운행기록데이터 바디,9,97705,2025020608423600,63,1246,0,126897912,37653716,89,3.1,-1.2,0,4128111100
운행기록데이터 바디,9,97705,2025020608423700,65,1279,0,126898088,37653720,89,2.5,-1.8,0,4128110900
운행기록데이터 바디,9,97705,2025020608423800,67,1308,0,126898272,37653720,89,-3.1,-1.2,0,4128110900
운행기록데이터 바디,9,97705,2025020608423900,69,1317,0,126898600,37653776,86,1.8,-2.5,0,4128110900
운행기록데이터 바디,9,97705,2025020608424000,70,1285,0,126898832,37653780,88,-3.7,-1.8,0,4128110900
운행기록데이터 바디,9,97705,2025020608424100,69,1218,0,126899064,37653784,89,-2.5,-1.2,0,4128110900
운행기록데이터 바디,9,97705,2025020608424200,67,1350,0,126899264,37653784,89,2.5,-1.2,0,4128110900
운행기록데이터 바디,9,97705,2025020608424300,64,1632,0,126899464,37653780,89,2.5,-1.2,0,4128110900
운행기록데이터 바디,9,97705,2025020608424400,62,1606,0,126899656,37653776,91,-3.1,-1.2,0,4128110900
운행기록데이터 바디,9,97705,2025020608424500,61,1561,0,126899840,37653768,91,-1.8,-1.2,0,4128110900
운행기록데이터 바디,9,97705,2025020608424600,60,1558,0,126900024,37653760,92,-2.5,-1.8,0,4128110900
운행기록데이터 바디,9,97705,2025020608424700,59,1542,0,126900200,37653752,92,2.5,-1.8,0,4128110900
운행기록데이터 바디,10,97705,2025020608424800,58,1535,0,126900384,37653748,92,3.1,-3.1,0,4128110900
운행기록데이터 바디,10,97705,2025020608424900,58,1517,0,126900560,37653740,93,-2.5,-1.8,0,4128110900
운행기록데이터 바디,10,97705,2025020608425000,57,1518,0,126900736,37653728,94,3.1,-0.6,0,4128110900
운행기록데이터 바디,10,97705,2025020608425100,57,1514,0,126900912,37653712,94,-1.8,-1.2,0,4128110900
운행기록데이터 바디,10,97705,2025020608425200,57,1525,0,126901080,37653696,96,1.8,-1.8,0,4128110900
운행기록데이터 바디,10,97705,2025020608425300,57,1277,0,126901256,37653676,97,2.5,-1.8,0,4128110900
운행기록데이터 바디,10,97705,2025020608425400,57,1067,0,126901432,37653660,97,3.1,-2.5,0,4128110900
운행기록데이터 바디,10,97705,2025020608425500,56,1056,0,126901600,37653644,96,-3.7,-1.8,0,4128110900
운행기록데이터 바디,10,97705,2025020608425600,56,1059,0,126901776,37653620,97,3.1,-1.8,0,4128110900
운행기록데이터 바디,10,97705,2025020608425700,56,1069,0,126901952,37653608,97,3.1,-3.1,0,4128110900
운행기록데이터 바디,10,97705,2025020608425800,56,1091,0,126902128,37653580,97,1.8,-1.8,0,4128110900
운행기록데이터 바디,10,97705,2025020608425900,57,1123,0,126902312,37653556,98,3.1,-2.5,0,4128110900
운행기록데이터 바디,10,97705,2025020608430000,59,1143,0,126902496,37653532,98,2.5,1.2,0,4128110900
운행기록데이터 바디,10,97705,2025020608430100,60,1145,0,126902688,37653512,99,-1.8,-1.8,0,4128110900
운행기록데이터 바디,10,97705,2025020608430200,61,1143,0,126902880,37653484,99,-3.1,-2.5,0,4128110900
운행기록데이터 바디,10,97705,2025020608430300,61,1146,0,126903072,37653456,99,2.5,-1.8,0,4128110900
운행기록데이터 바디,10,97705,2025020608430400,61,1173,0,126903256,37653432,100,3.1,1.8,0,4128110900
운행기록데이터 바디,10,97705,2025020608430500,62,1206,0,126903448,37653408,100,3.7,-2.5,0,4128110900
운행기록데이터 바디,10,97705,2025020608430600,63,1247,0,126903648,37653376,101,3.1,-2.5,0,4128110900
운행기록데이터 바디,10,97705,2025020608430700,65,1268,0,126903848,37653344,102,1.8,-1.8,0,4128110900
운행기록데이터 바디,10,97705,2025020608430800,67,1252,0,126904056,37653308,102,-1.8,-2.5,0,4128110900
운행기록데이터 바디,10,97705,2025020608430900,67,1240,0,126904256,37653272,103,2.5,-1.8,0,4128110900
운행기록데이터 바디,10,97705,2025020608431000,66,1241,0,126904456,37653232,104,2.5,-1.2,0,4128110900
운행기록데이터 바디,10,97705,2025020608431100,66,1243,0,126904656,37653196,104,2.5,-2.5,0,4128110900
운행기록데이터 바디,10,97706,2025020608431200,66,1226,0,126904856,37653148,104,-2.5,-3.7,0,4128110900
운행기록데이터 바디,10,97706,2025020608431300,66,1201,0,126905056,37653104,105,-2.5,-2.5,0,4128110900
운행기록데이터 바디,10,97706,2025020608431400,65,1098,0,126905240,37653060,105,-1.8,-1.8,0,4128110900
운행기록데이터 바디,10,97706,2025020608431500,63,1256,0,126905432,37653016,106,-2.5,-1.8,0,4128110900
운행기록데이터 바디,10,97706,2025020608431600,62,1557,0,126905616,37652972,106,-2.5,-2.5,0,4128110900
운행기록데이터 바디,10,97706,2025020608431700,60,1508,0,126905792,37652936,106,2.5,-2.5,0,4128110900
운행기록데이터 바디,10,97706,2025020608431800,58,1463,0,126905960,37652896,107,-2.5,-1.8,0,4128110900
운행기록데이터 바디,10,97706,2025020608431900,56,1418,0,126906120,37652856,108,3.1,-1.8,0,4128110900
운행기록데이터 바디,10,97706,2025020608432000,54,1374,0,126906272,37652816,108,0.0,-1.8,0,4128110900
운행기록데이터 바디,10,97706,2025020608432100,53,1332,0,126906424,37652776,108,-1.2,-1.2,0,4128110900
운행기록데이터 바디,10,97706,2025020608432200,51,1288,1,126906576,37652736,108,1.2,-1.2,0,4128110900
운행기록데이터 바디,10,97706,2025020608432300,49,1227,1,126906712,37652700,109,-2.5,-1.8,0,4128110900
운행기록데이터 바디,10,97706,2025020608432400,48,1117,1,126906856,37652660,108,-1.8,-1.8,0,4128110900
운행기록데이터 바디,10,97706,2025020608432500,45,974,1,126906976,37652628,107,-2.5,-2.5,0,4128110900
운행기록데이터 바디,10,97706,2025020608432600,40,826,1,126907088,37652604,107,-1.8,-1.2,0,4128110900
운행기록데이터 바디,10,97706,2025020608432700,35,679,1,126907192,37652580,107,-3.1,-1.8,0,4128110900
운행기록데이터 바디,10,97706,2025020608432800,30,649,1,126907256,37652564,109,-1.8,-0.6,0,4128110900
운행기록데이터 바디,10,97706,2025020608432900,25,680,1,126907320,37652548,112,-1.8,-0.6,0,4128110900
운행기록데이터 바디,10,97706,2025020608433000,20,669,1,126907360,37652540,114,-1.2,-1.2,0,4128110900
운행기록데이터 바디,10,97706,2025020608433100,16,660,1,126907384,37652528,115,-1.2,-0.6,0,4128110900
운행기록데이터 바디,10,97706,2025020608433200,13,653,1,126907400,37652524,116,-1.2,-1.2,0,4128110900
운행기록데이터 바디,10,97706,2025020608433300,10,696,0,126907424,37652516,103,1.8,-1.8,0,4128110900
운행기록데이터 바디,10,97706,2025020608433400,9,886,0,126907440,37652520,93,1.8,-3.1,0,4128110900
운행기록데이터 바디,10,97706,2025020608433500,8,949,0,126907456,37652528,57,1.2,-3.1,0,4128110900
운행기록데이터 바디,10,97706,2025020608433600,8,979,1,126907480,37652548,32,-1.8,-3.1,0,4128110900
운행기록데이터 바디,10,97706,2025020608433700,9,879,1,126907488,37652580,2,-2.5,-2.5,0,4128110900
운행기록데이터 바디,10,97706,2025020608433800,10,806,0,126907464,37652612,331,-1.8,-1.8,0,4128110900
운행기록데이터 바디,10,97706,2025020608433900,10,769,0,126907432,37652636,310,-1.8,-2.5,0,4128110900
운행기록데이터 바디,10,97706,2025020608434000,10,696,0,126907400,37652652,294,-1.8,-1.8,0,4128110900
운행기록데이터 바디,10,97706,2025020608434100,9,778,0,126907360,37652664,283,2.5,-1.2,0,4128110900
운행기록데이터 바디,10,97706,2025020608434200,8,935,0,126907336,37652668,280,1.2,-1.8,0,4128110900
운행기록데이터 바디,10,97706,2025020608434300,9,864,1,126907296,37652672,281,-1.2,0.0,0,4128110900
운행기록데이터 바디,10,97706,2025020608434400,10,767,1,126907264,37652684,281,0.0,-1.2,0,4128110900
운행기록데이터 바디,10,97706,2025020608434500,9,697,1,126907232,37652692,288,-1.2,-1.2,0,4128110900
운행기록데이터 바디,10,97706,2025020608434600,8,665,1,126907208,37652700,284,-0.6,-0.6,0,4128110900
운행기록데이터 바디,10,97706,2025020608434700,7,656,1,126907200,37652704,284,-1.2,-0.6,0,4128110900
운행기록데이터 바디,10,97706,2025020608434800,5,653,1,126907200,37652708,284,-1.2,-0.6,0,4128110900
운행기록데이터 바디,10,97706,2025020608434900,3,654,1,126907200,37652708,284,1.2,-0.6,0,4128110900
운행기록데이터 바디,10,97706,2025020608435000,0,651,1,126907200,37652708,284,0.0,-0.6,0,4128110900
운행기록데이터 바디,10,97706,2025020608435100,0,650,1,126907200,37652708,284,0.0,-0.6,0,4128110900
운행기록데이터 바디,10,97706,2025020608435200,0,649,1,126907200,37652708,284,0.6,-0.6,0,4128110900
운행기록데이터 바디,10,97706,2025020608435300,0,645,1,126907200,37652708,284,0.6,-0.6,0,4128110900
운행기록데이터 바디,10,97706,2025020608435400,0,650,1,126907200,37652708,284,0.0,-0.6,0,4128110900
운행기록데이터 바디,10,97706,2025020608435500,0,650,1,126907200,37652708,284,1.2,-0.6,0,4128110900
운행기록데이터 바디,10,97706,2025020608435600,0,651,1,126907200,37652708,284,0.0,-0.6,0,4128110900
운행기록데이터 바디,10,97706,2025020608435700,0,649,1,126907200,37652708,284,0.6,-0.6,0,4128110900
운행기록데이터 바디,10,97706,2025020608435800,0,650,1,126907200,37652708,284,0.0,-0.6,0,4128110900
운행기록데이터 바디,10,97706,2025020608435900,0,650,1,126907200,37652708,284,0.0,-0.6,0,4128110900
운행기록데이터 바디,10,97706,2025020608440000,0,650,1,126907200,37652708,284,0.6,-0.6,0,4128110900
운행기록데이터 바디,10,97706,2025020608440100,0,650,1,126907200,37652708,284,0.0,-0.6,0,4128110900
운행기록데이터 바디,10,97706,2025020608440200,0,649,1,126907200,37652708,284,0.0,-0.6,0,4128110900
운행기록데이터 바디,10,97706,2025020608440300,0,649,1,126907200,37652708,284,-0.6,-0.6,0,4128110900
운행기록데이터 바디,10,97706,2025020608440400,0,649,1,126907200,37652708,284,0.0,-0.6,0,4128110900
운행기록데이터 바디,10,97706,2025020608440500,0,650,1,126907200,37652708,284,-0.6,-0.6,0,4128110900
운행기록데이터 바디,10,97706,2025020608440600,0,650,1,126907200,37652708,284,0.0,-0.6,0,4128110900
운행기록데이터 바디,10,97706,2025020608440700,0,648,1,126907200,37652708,284,1.2,-0.6,0,4128110900
운행기록데이터 바디,10,97706,2025020608440800,0,650,1,126907200,37652708,284,0.0,-0.6,0,4128110900
운행기록데이터 바디,10,97706,2025020608440900,0,650,1,126907200,37652708,284,0.0,-0.6,0,4128110900
운행기록데이터 바디,10,97706,2025020608441000,0,650,1,126907200,37652708,284,0.6,-0.6,0,4128110900
운행기록데이터 바디,10,97706,2025020608441100,0,650,1,126907200,37652708,284,1.2,-0.6,0,4128110900
운행기록데이터 바디,10,97706,2025020608441200,0,648,1,126907200,37652708,284,0.0,-0.6,0,4128110900
운행기록데이터 바디,10,97706,2025020608441300,0,650,1,126907200,37652708,284,0.0,-0.6,0,4128110900
운행기록데이터 바디,10,97706,2025020608441400,0,650,1,126907200,37652708,284,0.0,-0.6,0,4128110900
운행기록데이터 바디,10,97706,2025020608441500,0,650,1,126907200,37652708,284,0.6,-0.6,0,4128110900
운행기록데이터 바디,10,97706,2025020608441600,0,650,1,126907200,37652708,284,0.6,-0.6,0,4128110900
운행기록데이터 바디,10,97706,2025020608441700,0,649,1,126907200,37652708,284,1.2,-0.6,0,4128110900
운행기록데이터 바디,10,97706,2025020608441800,0,650,1,126907200,37652708,284,-0.6,-0.6,0,4128110900
운행기록데이터 바디,10,97706,2025020608441900,0,649,1,126907200,37652708,284,-0.6,-0.6,0,4128110900
운행기록데이터 바디,10,97706,2025020608442000,0,650,1,126907200,37652708,284,0.0,-0.6,0,4128110900
운행기록데이터 바디,10,97706,2025020608442100,0,650,1,126907200,37652708,284,-0.6,-0.6,0,4128110900
운행기록데이터 바디,10,97706,2025020608442200,0,649,1,126907200,37652708,284,0.0,-0.6,0,4128110900
운행기록데이터 바디,10,97706,2025020608442300,0,650,1,126907200,37652708,284,0.0,-0.6,0,4128110900
운행기록데이터 바디,10,97706,2025020608442400,0,649,1,126907200,37652708,284,0.0,-0.6,0,4128110900
운행기록데이터 바디,10,97706,2025020608442500,0,650,1,126907200,37652708,284,0.6,-0.6,0,4128110900
운행기록데이터 바디,10,97706,2025020608442600,0,650,1,126907200,37652708,284,0.0,-0.6,0,4128110900
운행기록데이터 바디,10,97706,2025020608442700,0,649,1,126907200,37652708,284,0.6,-0.6,0,4128110900
운행기록데이터 바디,10,97706,2025020608442800,0,650,1,126907200,37652708,284,0.0,-0.6,0,4128110900
운행기록데이터 바디,10,97706,2025020608442900,0,650,1,126907200,37652708,284,0.0,-0.6,0,4128110900
운행기록데이터 바디,10,97706,2025020608443000,0,650,1,126907200,37652708,284,0.0,-0.6,0,4128110900
운행기록데이터 바디,10,97706,2025020608443100,0,650,1,126907200,37652708,284,0.0,-0.6,0,4128110900
운행기록데이터 바디,10,97706,2025020608443200,0,649,1,126907200,37652708,284,1.2,-0.6,0,4128110900
운행기록데이터 바디,10,97706,2025020608443300,0,650,1,126907200,37652708,284,0.6,-0.6,0,4128110900
운행기록데이터 바디,10,97706,2025020608443400,0,649,1,126907200,37652708,284,-0.6,-0.6,0,4128110900
운행기록데이터 바디,10,97706,2025020608443500,0,650,1,126907200,37652708,284,0.0,-0.6,0,4128110900
운행기록데이터 바디,10,97706,2025020608443600,0,650,1,126907200,37652708,284,0.0,-0.6,0,4128110900
운행기록데이터 바디,10,97706,2025020608443700,0,649,1,126907200,37652708,284,0.6,-0.6,0,4128110900
운행기록데이터 바디,10,97706,2025020608443800,0,650,1,126907200,37652708,284,0.0,-0.6,0,4128110900
운행기록데이터 바디,10,97706,2025020608443900,0,650,1,126907200,37652708,284,0.0,-0.6,0,4128110900
운행기록데이터 바디,10,97706,2025020608444000,0,650,1,126907200,37652708,284,0.0,-0.6,0,4128110900
운행기록데이터 바디,10,97706,2025020608444100,0,650,1,126907200,37652708,284,-0.6,-0.6,0,4128110900
운행기록데이터 바디,10,97706,2025020608444200,0,649,1,126907200,37652708,284,0.6,-0.6,0,4128110900
운행기록데이터 바디,10,97706,2025020608444300,0,649,1,126907200,37652708,284,0.0,-0.6,0,4128110900
운행기록데이터 바디,10,97706,2025020608444400,0,650,1,126907200,37652708,284,0.0,-0.6,0,4128110900
운행기록데이터 바디,10,97706,2025020608444500,0,650,1,126907200,37652708,284,0.0,-0.6,0,4128110900
운행기록데이터 바디,10,97706,2025020608444600,0,650,1,126907200,37652708,284,0.0,-0.6,0,4128110900
운행기록데이터 바디,10,97706,2025020608444700,0,649,1,126907200,37652708,284,0.0,-0.6,0,4128110900
운행기록데이터 바디,10,97706,2025020608444800,0,649,1,126907200,37652708,284,0.0,-0.6,0,4128110900
운행기록데이터 바디,10,97706,2025020608444900,0,649,1,126907200,37652708,284,0.0,-0.6,0,4128110900
운행기록데이터 바디,10,97706,2025020608445000,0,652,1,126907200,37652708,284,0.0,-0.6,0,4128110900
운행기록데이터 바디,10,97706,2025020608445100,0,815,0,126907200,37652708,284,1.8,-0.6,0,4128110900
운행기록데이터 바디,10,97706,2025020608445200,0,1055,0,126907200,37652708,284,1.8,-0.6,0,4128110900
운행기록데이터 바디,10,97706,2025020608445300,0,659,0,126907200,37652708,284,1.2,-1.2,0,4128110900
운행기록데이터 바디,10,97706,2025020608445400,1,654,0,126907200,37652708,284,0.0,-0.6,0,4128110900
운행기록데이터 바디,10,97706,2025020608445500,3,853,0,126907200,37652708,284,3.1,-1.2,0,4128110900
운행기록데이터 바디,10,97706,2025020608445600,3,1408,0,126907200,37652708,284,2.5,-1.2,0,4128110900
운행기록데이터 바디,10,97706,2025020608445700,4,1182,0,126907200,37652708,284,1.2,-1.2,0,4128110900
운행기록데이터 바디,10,97706,2025020608445800,5,982,0,126907112,37652716,283,3.1,-0.6,0,4128110900
운행기록데이터 바디,10,97706,2025020608445900,8,1274,0,126907072,37652724,286,3.1,-1.8,0,4128110900
운행기록데이터 바디,10,97706,2025020608450000,10,1682,0,126907032,37652736,280,2.5,-0.6,0,4128110900
운행기록데이터 바디,10,97706,2025020608450100,14,1927,0,126906984,37652744,279,2.5,1.2,0,4128110900
운행기록데이터 바디,10,97706,2025020608450200,18,1396,0,126906912,37652756,285,2.5,-1.8,0,4128110900
운행기록데이터 바디,10,97706,2025020608450300,22,1313,0,126906840,37652776,287,1.8,-1.2,0,4128110900
운행기록데이터 바디,10,97706,2025020608450400,25,1454,0,126906752,37652796,288,2.5,-0.6,0,4128110900
운행기록데이터 바디,10,97706,2025020608450500,28,1600,0,126906664,37652824,289,2.5,-1.2,0,4128110900
운행기록데이터 바디,10,97706,2025020608450600,31,1724,0,126906568,37652856,290,4.9,-1.8,0,4128110900
운행기록데이터 바디,10,97706,2025020608450700,34,1856,0,126906464,37652884,290,3.7,-2.5,0,4128110900
운행기록데이터 바디,10,97706,2025020608450800,37,1620,0,126906352,37652920,290,1.8,-2.5,0,4128110900
운행기록데이터 바디,10,97706,2025020608450900,39,1136,0,126906232,37652952,287,4.9,-1.8,0,4128110900
운행기록데이터 바디,10,97706,2025020608451000,40,1112,0,126906112,37652980,286,-3.7,-2.5,0,4128110900
운행기록데이터 바디,10,97706,2025020608451100,41,1125,0,126905984,37653012,286,-1.8,-1.8,0,4128110900
운행기록데이터 바디,10,97706,2025020608451200,42,1137,0,126905856,37653040,286,3.1,-1.8,0,4128110900
운행기록데이터 바디,10,97706,2025020608451300,42,1123,0,126905728,37653072,286,1.8,-2.5,0,4128110900
운행기록데이터 바디,10,97706,2025020608451400,42,1103,0,126905600,37653104,284,1.2,-1.8,0,4128110900
운행기록데이터 바디,10,97706,2025020608451500,42,1102,0,126905472,37653132,285,2.5,-1.2,0,4128110900
운행기록데이터 바디,10,97706,2025020608451600,41,1125,0,126905352,37653164,285,2.5,-1.2,0,4128110900
운행기록데이터 바디,10,97706,2025020608451700,42,1136,0,126905224,37653192,284,1.2,-1.8,0,4128110900
운행기록데이터 바디,10,97706,2025020608451800,42,1161,0,126905088,37653220,284,1.8,-1.8,0,4128110900
운행기록데이터 바디,10,97706,2025020608451900,43,1217,0,126904960,37653248,284,2.5,-1.2,0,4128110900
운행기록데이터 바디,10,97706,2025020608452000,44,1294,0,126904824,37653280,284,2.5,-1.2,0,4128110900
운행기록데이터 바디,10,97706,2025020608452100,47,1204,0,126904680,37653304,284,1.8,-1.8,0,4128110900
운행기록데이터 바디,10,97706,2025020608452200,48,988,0,126904536,37653336,283,1.8,-0.6,0,4128110900
운행기록데이터 바디,10,97706,2025020608452300,49,903,0,126904384,37653368,283,-1.8,-1.8,0,4128110900
운행기록데이터 바디,10,97706,2025020608452400,49,897,0,126904232,37653396,283,-1.8,-1.2,0,4128110900
운행기록데이터 바디,10,97706,2025020608452500,48,908,0,126904080,37653424,283,1.8,-1.8,0,4128110900
운행기록데이터 바디,10,97706,2025020608452600,48,928,0,126903936,37653452,283,2.5,-1.8,0,4128110900
운행기록데이터 바디,11,97706,2025020608452700,49,947,0,126903784,37653480,281,3.1,-2.5,0,4128110900
운행기록데이터 바디,11,97706,2025020608452800,50,951,0,126903632,37653504,281,1.8,-1.8,0,4128110900
운행기록데이터 바디,11,97706,2025020608452900,50,961,0,126903472,37653532,281,3.1,-3.1,0,4128110900
운행기록데이터 바디,11,97706,2025020608453000,51,979,0,126903320,37653556,280,3.7,-3.1,0,4128110900
운행기록데이터 바디,11,97706,2025020608453100,51,983,0,126903160,37653580,279,3.1,-2.5,0,4128110900
운행기록데이터 바디,11,97706,2025020608453200,52,979,0,126902992,37653600,279,1.8,-1.8,0,4128110900
운행기록데이터 바디,11,97706,2025020608453300,52,979,0,126902832,37653620,279,1.8,-1.8,0,4128110900
운행기록데이터 바디,11,97706,2025020608453400,52,983,0,126902672,37653644,279,4.9,-3.7,0,4128110900
운행기록데이터 바디,11,97706,2025020608453500,52,977,0,126902520,37653668,280,-4.9,-3.7,0,4128110900
운행기록데이터 바디,11,97706,2025020608453600,52,959,0,126902360,37653692,280,4.9,-3.7,0,4128110900
운행기록데이터 바디,11,97706,2025020608453700,51,958,0,126902208,37653712,279,2.5,-0.6,0,4128110900
운행기록데이터 바디,11,97706,2025020608453800,51,951,0,126902056,37653728,278,-2.5,-3.1,0,4128110900
운행기록데이터 바디,11,97706,2025020608453900,51,950,0,126901896,37653748,277,2.5,-2.5,0,4128110900
운행기록데이터 바디,11,97706,2025020608454000,51,966,0,126901744,37653764,276,1.8,-1.8,0,4128110900
운행기록데이터 바디,11,97706,2025020608454100,51,991,0,126901584,37653780,276,3.7,-3.1,0,4128110900
