운행일자,운수회사코드,자동차등록번호,사업자등록번호,차대번호,자동차유형코드,운행기록장치모델명,자료제출일시,접수번호,수집파일코드,시동ON일시,시동OFF일시,시작GPS X좌표,시작GPS Y좌표,종료GPS X좌표,종료GPS Y좌표,TRIP운행거리,누적운행거리,평균운행속도,최고속도,TRIP운행시간,장기운행유무,운행중정지건수,운행중정지시간,운행중정지비율,운행중주행시간,제동건수,제동시간,최고RPM,평균RPM,2000RPM초과시간,2500RPM초과시간,공회전건수,공회전시간,과속건수20Km초과,과속시간20Km초과,과속건수25Km초과,과속시간25Km초과,과속건수30Km초과,과속시간30Km초과,과속건수35Km초과,과속시간35Km초과,과속건수40Km초과,과속시간40Km초과,과속건수45Km초과,과속시간45Km초과,과속건수50Km초과,과속시간50Km초과,과속건수55Km초과,과속시간55Km초과,과속건수60Km초과,과속시간60Km초과,장기과속건수,장기과속시간,급가속건수,급출발건수,급감속건수,급정지건수,급좌회전건수,급우회전건수,급유턴건수,급앞지르기건수,급진로변경건수,중립기어건수,중립기어시간,운수회사소재지코드
20180710,ecb4eba1d74925c37184e65dd786a93fbcf155142ddc4eac3003c1e60ff3d559,d87a8bc0423ef02f6fe5528d95e2a70de1990c7b3a416812658467ec379798dd,***81*****,KMJTA18G,11,"DT-202,5.07.15",2.01807E+13,2.01807E+13,2.01807E+14,2.01807E+13,2.01807E+13,0,0,0,0,299,431844,17.82,57,60419,1,832,19100,31.61,41319,0,0,1620,924,0,0,1,54,0,0,0,0,0,0,0,0,0,0,0,0,0,0,0,0,0,0,0,0,2,0,3,0,0,0,0,0,0,0,0,1150011000
20180710,ecb4eba1d74925c37184e65dd786a93fbcf155142ddc4eac3003c1e60ff3d559,71eadb1160872142105a91d2277ec4eb8630f125e87e42303eb3e24f03c527e6,***81*****,KMJTA18G,11,"DT-202,5.07.15",2.01807E+13,2.01807E+13,2.01807E+14,2.01807E+13,2.01807E+13,126.911835,37.518166,126.79949,37.576862,286,402323,18.26,62,56393,1,818,17071,30.27,39322,0,0,1592,931,0,0,0,0,5,27,2,13,0,0,0,0,0,0,0,0,0,0,0,0,0,0,0,0,1,0,1,0,26,12,0,8,19,0,0,1150011000
20180710,ecb4eba1d74925c37184e65dd786a93fbcf155142ddc4eac3003c1e60ff3d559,a42403dcb7e320b01570c5a2646de6670df7cf0d7b1ae9a08115c6a9425ac1ab,***81*****,KMJTA18G,11,"DT-202,5.07.15",2.01807E+13,2.01807E+13,2.01807E+14,2.01807E+13,2.01807E+13,126.79705,37.57799,126.799446,37.576813,311,443480,17.96,61,62325,1,834,18339,29.42,43986,0,0,1606,926,0,0,0,0,0,0,0,0,0,0,0,0,0,0,0,0,0,0,0,0,0,0,0,0,1,0,0,0,17,9,2,6,31,0,0,1150011000
20180710,ecb4eba1d74925c37184e65dd786a93fbcf155142ddc4eac3003c1e60ff3d559,dc89f701c3ccca7ce0005f1f9eab8bd92929c0c1f9680d2ef3aa36eb19aaab02,***81*****,KMJTA18G,11,"DT-202,5.07.15",2.01807E+13,2.01807E+13,2.01807E+14,2.01807E+13,2.01807E+13,126.860954,37.55271,126.8365,37.559002,215,111809,14.08,48,54970,1,754,16457,29.94,38513,0,0,1780,798,0,0,0,0,0,0,0,0,0,0,0,0,0,0,0,0,0,0,0,0,0,0,0,0,0,0,0,0,8,0,2,0,0,0,0,1150011000
20180710,ecb4eba1d74925c37184e65dd786a93fbcf155142ddc4eac3003c1e60ff3d559,7d7ce8fd438723d7f6be1a0b591d4dc3f3acd28fc19de91e38ed1bab25024f36,***81*****,KMJTA18G,11,"DT-202,5.07.17",2.01807E+13,2.01807E+13,2.01807E+14,2.01807E+13,2.01807E+13,126.89614,37.541107,126.85517,37.561382,250,230163,16.17,57,55673,1,697,16219,29.13,39454,0,0,1720,780,0,0,1,83,0,0,0,0,0,0,0,0,0,0,0,0,0,0,0,0,0,0,0,0,0,0,0,0,16,5,0,0,15,0,0,1150011000
20180710,ecb4eba1d74925c37184e65dd786a93fbcf155142ddc4eac3003c1e60ff3d559,259e63911affad59ba798462bac9800da5336f167f489a7ae1b9b9c73bb3cfa4,***81*****,KMJTA18G,11,"DT-201A,4.04.54,K",2.01807E+13,2.01807E+13,2.01807E+14,2.01807E+13,2.01807E+13,126.79821,37.57676,126.864914,37.55111,266,428920,16.82,62,56933,1,713,15464,27.16,41469,0,0,1709,820,0,0,0,0,1,0,0,0,0,0,0,0,0,0,0,0,0,0,0,0,0,0,0,0,0,0,3,0,31,9,4,0,11,1,12,1150011000
20180710,ecb4eba1d74925c37184e65dd786a93fbcf155142ddc4eac3003c1e60ff3d559,62f1e38b6bd9cf3a81d0cb42b2f98bac344b9055248fecbcdbbbb9cee5fb82c4,***81*****,KMJTA18G,11,"DT-201A,4.04.54,K",2.01807E+13,2.01807E+13,2.01807E+14,2.01807E+13,2.01807E+13,126.79816,37.576687,126.89597,37.541286,262,432548,16.02,57,58880,1,662,16305,27.69,42575,0,0,1822,785,0,0,0,0,0,0,0,0,0,0,0,0,0,0,0,0,0,0,0,0,0,0,0,0,0,0,0,0,19,5,3,1,13,0,0,1150011000
20180710,ecb4eba1d74925c37184e65dd786a93fbcf155142ddc4eac3003c1e60ff3d559,2a355e9fcb1e7e08966f9cd15c878d80f9e376f313bf3b4fab5f212bcf2276a4,***81*****,KMJTA18G,11,"DT-202,5.07.15",2.01807E+13,2.01807E+13,2.01807E+14,2.01807E+13,2.01807E+13,126.79896,37.576878,126.798096,37.576744,248,226343,16.83,55,53056,1,711,13889,26.18,39167,0,0,1680,804,0,0,0,0,0,0,0,0,0,0,0,0,0,0,0,0,0,0,0,0,0,0,0,0,0,0,0,0,17,7,0,0,7,0,0,1150011000
20180710,ecb4eba1d74925c37184e65dd786a93fbcf155142ddc4eac3003c1e60ff3d559,ee7259032650465035f8383107e60d81341ae8396dd01fc7c626af16aec9a470,***81*****,KMJTA18G,11,"DT-201A,4.04.54,K",2.01807E+13,2.01807E+13,2.01807E+14,2.01807E+13,2.01807E+13,126.798164,37.57676,126.79818,37.57675,249,382584,16.31,57,54976,1,685,15533,28.25,39443,0,0,2100,733,2,0,0,0,0,0,0,0,0,0,0,0,0,0,0,0,0,0,0,0,0,0,0,0,0,0,0,0,13,1,2,0,12,0,0,1150011000
20180710,ecb4eba1d74925c37184e65dd786a93fbcf155142ddc4eac3003c1e60ff3d559,b708a22a44a784b465c2c0342e4c3c637348644628d9ec53a394638a3dc5e6b4,***81*****,KMJTA18G,11,"DT-202,5.07.17",2.01807E+13,2.01807E+13,2.01807E+14,2.01807E+13,2.01807E+13,126.798515,37.57642,126.798584,37.576496,236,320108,15.57,64,54584,1,809,15750,28.85,38834,0,0,1700,874,0,0,1,62,1,12,0,0,0,0,0,0,0,0,0,0,0,0,0,0,0,0,0,0,0,0,0,3,6,12,3,2,6,0,0,1150011000
20180710,ecb4eba1d74925c37184e65dd786a93fbcf155142ddc4eac3003c1e60ff3d559,902388a8da4744a46255a7a8302ec7557ffdefb8d2fbc01e7d16e42d82843dc2,***81*****,KMJTA18G,11,"DT-202,5.07.15",2.01807E+13,2.01807E+13,2.01807E+14,2.01807E+13,2.01807E+13,126.79827,37.57667,126.79849,37.57644,238,298114,16.09,57,53264,1,831,13745,25.81,39519,0,0,1840,887,0,0,0,0,0,0,0,0,0,0,0,0,0,0,0,0,0,0,0,0,0,0,0,0,0,0,0,0,18,7,0,0,30,0,0,1150011000
20180710,ecb4eba1d74925c37184e65dd786a93fbcf155142ddc4eac3003c1e60ff3d559,69d4062e3c04c21bc6cada921c22b1dc8ef0813a08b44569ca2f2c7de9cd0513,***81*****,KMJTA18G,11,"DT-202,5.07.17",2.01807E+13,2.01807E+13,2.01807E+14,2.01807E+13,2.01807E+13,126.81185,37.56762,126.79853,37.576496,237,355274,15.84,56,53855,1,860,14286,26.53,39569,0,0,1820,889,0,0,0,0,4,19,0,0,0,0,0,0,0,0,0,0,0,0,0,0,0,0,0,0,0,0,0,0,10,5,3,1,8,0,0,1150011000
20180710,ecb4eba1d74925c37184e65dd786a93fbcf155142ddc4eac3003c1e60ff3d559,4c7fe0d3f3a13779d8f28394f535da1816f5c63f043e1f58170b95b4e395b39f,***81*****,KMJTA18E,11,"DT-202,5.07.15",2.01807E+13,2.01807E+13,2.01807E+14,2.01807E+13,2.01807E+13,126.828384,37.572807,126.81128,37.57321,195,297215,16.24,60,43230,1,620,11172,25.84,32058,0,0,1814,865,0,0,0,0,4,27,1,0,0,0,0,0,0,0,0,0,0,0,0,0,0,0,0,0,0,0,0,1,10,6,1,1,9,0,0,1150011000
20180710,ecb4eba1d74925c37184e65dd786a93fbcf155142ddc4eac3003c1e60ff3d559,d0b4d5392f1049d87a1f161220e7ce296c1742d318f20a60d145300f769699f6,***81*****,KMJTA18G,11,"DT-202,5.07.15",2.01807E+13,2.01807E+13,2.01807E+14,2.01807E+13,2.01807E+13,126.90073,37.534603,126.84041,37.568893,242,336170,15.74,60,55353,1,858,16009,28.92,39344,0,0,1640,866,0,0,1,336,2,13,0,0,0,0,0,0,0,0,0,0,0,0,0,0,0,0,0,0,0,0,2,1,8,11,1,1,8,0,0,1150011000
20180710,ecb4eba1d74925c37184e65dd786a93fbcf155142ddc4eac3003c1e60ff3d559,d4a8a3a305edb7210fd8909a88762f18248c796b3bc99ba7ba4d9d161f7daf63,***81*****,KMJTA18G,11,"DT-202,5.07.17",2.01807E+13,2.01807E+13,2.01807E+14,2.01807E+13,2.01807E+13,126.799416,37.577236,126.87919,37.54779,273,179103,16.46,65,59714,1,887,17619,29.51,42095,0,0,1576,867,0,0,0,0,13,84,5,21,0,0,0,0,0,0,0,0,0,0,0,0,0,0,0,0,0,0,1,0,15,18,6,1,2,0,0,1150011000
20180710,ecb4eba1d74925c37184e65dd786a93fbcf155142ddc4eac3003c1e60ff3d559,c4efc370843016ad3250de7b13d911996499cc7634596940a57e732912334697,***81*****,KMJTA18G,11,"DT-202,5.07.15",2.01807E+13,2.01807E+13,2.01807E+14,2.01807E+13,2.01807E+13,126.90145,37.520634,126.85701,37.563385,271,301322,14.37,58,67910,1,915,22722,33.46,45188,0,0,1540,614,0,0,0,0,0,0,0,0,0,0,0,0,0,0,0,0,0,0,0,0,0,0,0,0,0,0,0,0,7,2,1,0,8,0,0,1150011000
20180710,ecb4eba1d74925c37184e65dd786a93fbcf155142ddc4eac3003c1e60ff3d559,0c3dea9d1c7a4ef9097107d722b5b50d2e970641eb98b986c463d00a12f9d45c,***81*****,KMJTA18G,11,"DT-202,6.01.08",2.01807E+13,2.01807E+13,2.01807E+14,2.01807E+13,2.01807E+13,126.81155,37.57074,126.8016,37.576324,283,94255,16.3,55,62492,1,887,19443,31.11,43049,0,0,1602,671,0,0,0,0,0,0,0,0,0,0,0,0,0,0,0,0,0,0,0,0,0,0,0,0,0,0,1,0,9,5,0,0,27,0,0,1150011000
20180710,ecb4eba1d74925c37184e65dd786a93fbcf155142ddc4eac3003c1e60ff3d559,01db937fc7ee3249a51ab3a1d464b1d03c74fc8c879fd3944c4c0a1cad1ec422,***81*****,KMJTA18G,11,"DT-202,5.07.15",2.01807E+13,2.01807E+13,2.01807E+14,2.01807E+13,2.01807E+13,126.79823,37.576855,126.89909,37.538837,249,299496,13.88,54,64597,1,864,24116,37.33,40481,0,0,1440,634,0,0,0,0,2,8,0,0,0,0,0,0,0,0,0,0,0,0,0,0,0,0,0,0,0,0,0,0,17,11,1,3,4,0,0,1150011000
20180710,ecb4eba1d74925c37184e65dd786a93fbcf155142ddc4eac3003c1e60ff3d559,d0e8e2ef3ab86b465e6d0def6d5fb05ac91bc2d8e5f4349f29105519038db683,***81*****,KMJTA18G,11,"DT-202,5.07.15",2.01807E+13,2.01807E+13,2.01807E+14,2.01807E+13,2.01807E+13,126.81693,37.560707,126.79875,37.576595,295,296636,17.05,61,62283,1,872,18058,28.99,44225,0,0,1647,855,0,0,0,0,0,0,0,0,0,0,0,0,0,0,0,0,0,0,0,0,0,0,0,0,0,0,0,1,10,4,0,8,64,0,0,1150011000
20180710,ecb4eba1d74925c37184e65dd786a93fbcf155142ddc4eac3003c1e60ff3d559,ba151a4ff1d19118ba9af2479bf17a5d464aa1e9883a2f54df35f0334238f66b,***81*****,KMJTA18G,11,"DT-202,5.07.15",2.01807E+13,2.01807E+13,2.01807E+14,2.01807E+13,2.01807E+13,126.79936,37.576756,126.90148,37.520626,245,142107,15.07,59,58518,1,909,16487,28.17,42031,0,0,1580,830,0,0,1,48,2,14,0,0,0,0,0,0,0,0,0,0,0,0,0,0,0,0,0,0,4,0,2,0,6,1,3,4,29,0,0,1150011000
20180710,ecb4eba1d74925c37184e65dd786a93fbcf155142ddc4eac3003c1e60ff3d559,4e9601bd2c305fbfd6567bbb996cb0e73849acfda144b6aa8bc90b519ae37f3f,***81*****,KMJTA18G,11,"DT-202,5.07.15",2.01807E+13,2.01807E+13,2.01807E+14,2.01807E+13,2.01807E+13,126.79775,37.57671,126.79849,37.576824,225,338686,14.1,60,57458,1,741,19541,34.01,37917,0,0,1520,637,0,0,0,0,0,0,0,0,0,0,0,0,0,0,0,0,0,0,0,0,0,0,0,0,0,0,0,0,17,7,0,1,6,1,9,1150011000
20180710,ecb4eba1d74925c37184e65dd786a93fbcf155142ddc4eac3003c1e60ff3d559,fe06cbd048fcca54d3bfa38590827d68c27434550223071aa3903f368281267e,***81*****,KMJTA18G,11,"DT-202,5.07.15",2.01807E+13,2.01807E+13,2.01807E+14,2.01807E+13,2.01807E+13,126.79874,37.576546,126.79849,37.576843,152,342573,13,59,42103,1,545,16322,38.77,25781,0,0,1660,614,0,0,0,0,0,0,0,0,0,0,0,0,0,0,0,0,0,0,0,0,0,0,0,0,0,0,0,0,9,3,0,2,5,0,0,1150011000
20180710,ecb4eba1d74925c37184e65dd786a93fbcf155142ddc4eac3003c1e60ff3d559,ced2f1451f83e7a191d9a79e7686062e6d7812e3ef7361bb22764765aeaa33ee,***81*****,KMJTA18G,11,"DT-202,5.07.15",2.01807E+13,2.01807E+13,2.01807E+14,2.01807E+13,2.01807E+13,126.79894,37.57645,126.81163,37.57085,293,257954,16.65,62,63341,1,933,21520,33.97,41821,0,0,1602,908,0,0,0,0,5,22,1,6,0,0,0,0,0,0,0,0,0,0,0,0,0,0,0,0,0,0,4,0,13,7,0,6,16,0,0,1150011000
20180710,ecb4eba1d74925c37184e65dd786a93fbcf155142ddc4eac3003c1e60ff3d559,ef4af099ff22c4bfbdaf43e1dcd898d722a101b31e992abb7cc3015d349f9028,***81*****,KMJTA18G,11,"DT-202,5.07.15",2.01807E+13,2.01807E+13,2.01807E+14,2.01807E+13,2.01807E+13,126.79936,37.576756,126.79932,37.57671,226,143905,15.25,57,53354,1,822,16678,31.26,36676,0,0,1651,842,0,0,0,0,0,0,0,0,0,0,0,0,0,0,0,0,0,0,0,0,0,0,0,0,1,0,1,0,12,3,2,1,30,0,0,1150011000
20180710,ecb4eba1d74925c37184e65dd786a93fbcf155142ddc4eac3003c1e60ff3d559,03953e87eafa5f9442b354771fcfdda48e395c4ea2e937459848e61a1a990a62,***81*****,KMJTA18G,11,"DT-202,5.07.15",2.01807E+13,2.01807E+13,2.01807E+14,2.01807E+13,2.01807E+13,126.79869,37.577026,126.79863,37.576862,225,343240,13.86,56,58435,1,746,19050,32.6,39385,0,0,1400,624,0,0,0,0,0,0,0,0,0,0,0,0,0,0,0,0,0,0,0,0,0,0,0,0,0,0,0,0,10,5,1,1,7,0,0,1150011000
20180710,ecb4eba1d74925c37184e65dd786a93fbcf155142ddc4eac3003c1e60ff3d559,a5aa458010fce05e448661c2e8a9c5e50480cf6d7634bdbc8f2a3050d6946377,***81*****,KMJTA18G,11,"DT-202,5.07.15",2.01807E+13,2.01807E+13,2.01807E+14,2.01807E+13,2.01807E+13,126.79862,37.576942,126.79873,37.576874,226,338123,13.49,56,60290,1,825,21280,35.3,39010,0,0,1380,593,0,0,0,0,0,0,0,0,0,0,0,0,0,0,0,0,0,0,0,0,0,0,0,0,0,0,1,0,3,4,0,0,13,0,0,1150011000
20180710,ecb4eba1d74925c37184e65dd786a93fbcf155142ddc4eac3003c1e60ff3d559,820aed9b6615596a5cf2143e1b98165c099b5103d041f3ac7825f428cdec6dde,***81*****,KMJTA18G,11,"DT-202,5.07.16",2.01807E+13,2.01807E+13,2.01807E+14,2.01807E+13,2.01807E+13,126.84494,37.5579,126.80589,37.561832,289,119460,16.42,57,63363,1,850,20079,31.69,43284,0,0,1369,646,0,0,0,0,0,0,0,0,0,0,0,0,0,0,0,0,0,0,0,0,0,0,0,0,0,0,0,0,14,4,0,0,24,0,0,1150011000
20180710,ecb4eba1d74925c37184e65dd786a93fbcf155142ddc4eac3003c1e60ff3d559,d687f0ed57e5b6dddd4d6c49563201eab029541ea5ee4c2067b8aafb52219257,***81*****,KMJTA18G,11,"DT-202,5.07.16",2.01807E+13,2.01807E+13,2.01807E+14,2.01807E+13,2.01807E+13,126.88079,37.54786,126.82737,37.559647,289,121104,16.42,59,63363,1,866,19863,31.35,43500,0,0,2399,702,6,0,0,0,0,0,0,0,0,0,0,0,0,0,0,0,0,0,0,0,0,0,0,0,0,0,1,0,9,6,0,0,20,0,0,1150011000
20180710,ecb4eba1d74925c37184e65dd786a93fbcf155142ddc4eac3003c1e60ff3d559,b35bb454d3f43d66daa992a21d3ec980d14cff139154ce8229b669f0fbbf7955,***81*****,KMJTA18G,11,"DT-202,6.01.30",2.01807E+13,2.01807E+13,2.01807E+14,2.01807E+13,2.01807E+13,126.79877,37.576904,126.798775,37.576916,225,9747,14.78,60,54801,1,849,16101,29.38,38700,0,0,1618,654,0,0,0,0,0,0,0,0,0,0,0,0,0,0,0,0,0,0,0,0,0,0,0,0,0,0,0,0,11,2,0,1,24,0,0,1150011000
20180710,ecb4eba1d74925c37184e65dd786a93fbcf155142ddc4eac3003c1e60ff3d559,a994590a7a10188a70fffda5632912da16b9cf4b3e234decd6c89b2471cd3c03,***81*****,KMJTA18G,11,"DT-202,6.01.33",2.01807E+13,2.01807E+13,2.01807E+14,2.01807E+13,2.01807E+13,126.79933,37.57707,126.7993,37.577065,225,11296,14.97,56,54121,1,860,16468,30.43,37653,0,0,1393,643,0,0,0,0,3,15,0,0,0,0,0,0,0,0,0,0,0,0,0,0,0,0,0,0,0,0,0,0,12,4,0,2,23,0,0,1150011000
20180710,ecb4eba1d74925c37184e65dd786a93fbcf155142ddc4eac3003c1e60ff3d559,4eb111f7bea692d410351a9554ca177ddd6ca20e4db76391c2a1e599ea8b8e21,***81*****,KMJTA18G,11,"DT-202,6.01.12",2.01807E+13,2.01807E+13,2.01807E+14,2.01807E+13,2.01807E+13,126.79877,37.57688,126.79882,37.576916,220,46377,14.68,55,53962,1,839,15232,28.23,38730,0,0,1399,654,0,0,0,0,0,0,0,0,0,0,0,0,0,0,0,0,0,0,0,0,0,0,0,0,0,0,0,1,10,4,0,0,23,0,0,1150011000
20180710,ecb4eba1d74925c37184e65dd786a93fbcf155142ddc4eac3003c1e60ff3d559,98eb3170f7f099fb8c94b201fd073da5e1b15c1be18a7f1c0c7124a1800a5d07,***81*****,KMJTA18G,11,"DT-202,6.01.39",2.01807E+13,2.01807E+13,2.01807E+14,2.01807E+13,2.01807E+13,126.80112,37.577003,126.798416,37.576813,226,4263,15.11,55,53835,1,842,16313,30.3,37522,0,0,2383,657,7,0,0,0,0,0,0,0,0,0,0,0,0,0,0,0,0,0,0,0,0,0,0,0,1,0,0,0,14,7,0,1,19,0,0,1150011000
20180710,ecb4eba1d74925c37184e65dd786a93fbcf155142ddc4eac3003c1e60ff3d559,73c41004292cdf5c5e5b303507b37bb89abbe0fa301b93479a2afb0795f1fb23,***81*****,KMJTA18G,11,"DT-201A,4.04.26,0K",2.01807E+13,2.01807E+13,2.01807E+14,2.01807E+13,2.01807E+13,126.81655,37.570965,126.79889,37.57692,215,48972,15.4,58,50245,1,703,12970,25.81,37275,0,0,1580,681,0,0,0,0,0,0,0,0,0,0,0,0,0,0,0,0,0,0,0,0,0,0,0,0,0,0,0,0,12,5,0,2,7,0,0,1150011000
20180710,ecb4eba1d74925c37184e65dd786a93fbcf155142ddc4eac3003c1e60ff3d559,441b54ff9e34bfb87756650cae057a412462eddef4bf94fc6a7c6c2c75336e99,***81*****,KMJTA18G,11,"DT-202,5.07.15",2.01807E+13,2.01807E+13,2.01807E+14,2.01807E+13,2.01807E+13,126.851364,37.56689,126.811874,37.566727,231,304649,13.45,56,61851,1,780,21822,35.28,40029,0,0,1320,581,0,0,0,0,0,0,0,0,0,0,0,0,0,0,0,0,0,0,0,0,0,0,0,0,0,0,0,0,10,2,1,0,7,0,0,1150011000
20180710,ecb4eba1d74925c37184e65dd786a93fbcf155142ddc4eac3003c1e60ff3d559,3a7ab8110062687f0a09e4aab4440a2cd72c0122d62c0dc5f7bd5fc0c8973385,***81*****,KMJTA18G,11,"DT-202,5.07.16",2.01807E+13,2.01807E+13,2.01807E+14,2.01807E+13,2.01807E+13,126.86815,37.549236,126.79861,37.576626,187,123620,16.67,58,40377,1,566,14296,35.41,26081,0,0,1855,813,0,0,0,0,1,0,0,0,0,0,0,0,0,0,0,0,0,0,0,0,0,0,0,0,5,0,0,0,9,3,0,1,16,0,0,1150011000
20180710,ecb4eba1d74925c37184e65dd786a93fbcf155142ddc4eac3003c1e60ff3d559,786c10240c8e27434c000a4fca3f8bc3562c89a86afc503884f82d374e7fcad1,***81*****,KMJTA18G,11,"DT-202,6.01.12",2.01807E+13,2.01807E+13,2.01807E+14,2.01807E+13,2.01807E+13,126.86746,37.554188,126.81882,37.57343,225,43089,15.05,54,53814,1,784,14198,26.38,39616,0,0,1518,657,0,0,0,0,0,0,0,0,0,0,0,0,0,0,0,0,0,0,0,0,0,0,0,0,0,0,0,0,13,5,0,1,19,0,0,1150011000
20180710,ecb4eba1d74925c37184e65dd786a93fbcf155142ddc4eac3003c1e60ff3d559,6faef5f6db46f9c8edc37540c63b10950cac464d9e2cafcee21e5ef10afc2535,***81*****,KMJTA18G,11,"DT-202,6.01.12",2.01807E+13,2.01807E+13,2.01807E+14,2.01807E+13,2.01807E+13,126.798965,37.576927,126.798996,37.57698,243,54007,15.93,55,54928,1,692,15226,27.72,39702,0,0,1463,636,0,0,0,0,0,0,0,0,0,0,0,0,0,0,0,0,0,0,0,0,0,0,0,0,0,0,0,0,6,4,0,0,23,0,0,1150011000
20180710,ecb4eba1d74925c37184e65dd786a93fbcf155142ddc4eac3003c1e60ff3d559,c58d2cebbbaec9e66638b59ea6e7d79889ab7295cfddaae0ffe3dbad73eafa93,***81*****,KMJTA18G,11,"DT-202,5.07.15",2.01807E+13,2.01807E+13,2.01807E+14,2.01807E+13,2.01807E+13,126.79876,37.57616,126.90508,37.52114,310,51368,17.62,61,63355,1,840,18406,29.05,44949,0,0,1780,923,0,0,0,0,2,0,0,0,0,0,0,0,0,0,0,0,0,0,0,0,0,0,0,0,1,0,2,2,0,0,0,0,0,0,0,1150011000
20180710,ecb4eba1d74925c37184e65dd786a93fbcf155142ddc4eac3003c1e60ff3d559,c29a4f10fe7855a93b3ff6cf9b9f29977a9fde4575d073b90726dd67ef7ae43c,***81*****,KMJTA18G,11,"DT-202,5.07.15",2.01807E+13,2.01807E+13,2.01807E+14,2.01807E+13,2.01807E+13,126.93215,37.513145,126.89598,37.541332,310,445963,18.21,59,61299,1,784,16298,26.59,45001,0,0,1640,932,0,0,0,0,4,4,1,0,0,0,0,0,0,0,0,0,0,0,0,0,0,0,0,0,2,0,0,1,16,4,0,1,13,0,0,1150011000
20180710,ecb4eba1d74925c37184e65dd786a93fbcf155142ddc4eac3003c1e60ff3d559,d88d554b559f3e1fa05a9d3f882fd70a60cebc9ecde4ee50ca115c70f6264e95,***81*****,KMJTA18G,11,"DT-201A,4.04.54,K",2.01807E+13,2.01807E+13,2.01807E+14,2.01807E+13,2.01807E+13,126.79849,37.576653,126.79933,37.57693,248,481734,15.85,59,56343,1,744,16231,28.81,40112,0,0,1560,772,0,0,0,0,0,0,0,0,0,0,0,0,0,0,0,0,0,0,0,0,0,0,0,0,0,0,0,0,12,3,1,0,9,0,0,1150011000
20180710,ecb4eba1d74925c37184e65dd786a93fbcf155142ddc4eac3003c1e60ff3d559,481d6bbc468f1e7d6e520f6ac16304fcee841603e2d691adf3ffc93ddff96b19,***81*****,KMJTA18G,11,"DT-202,5.07.15",2.01807E+13,2.01807E+13,2.01807E+14,2.01807E+13,2.01807E+13,126.79892,37.576733,126.79917,37.57668,149,231924,15.96,61,33607,1,425,9735,28.97,23872,0,0,1795,674,0,0,0,0,0,0,0,0,0,0,0,0,0,0,0,0,0,0,0,0,0,0,0,0,0,0,0,0,11,3,0,1,39,0,0,1150011000
20180710,ecb4eba1d74925c37184e65dd786a93fbcf155142ddc4eac3003c1e60ff3d559,3d9c927b8c6810fa9827759c30d8d89d64839a2e43d123e743f6a5c30636ebdf,***81*****,KMJTA18G,11,"DT-202,6.01.12",2.01807E+13,2.01807E+13,2.01807E+14,2.01807E+13,2.01807E+13,126.79907,37.576984,126.799065,37.576973,242,47898,16.18,54,53846,1,683,14615,27.14,39231,0,0,1325,637,0,0,0,0,0,0,0,0,0,0,0,0,0,0,0,0,0,0,0,0,0,0,0,0,0,0,0,0,9,2,0,0,15,0,0,1150011000
20180710,ecb4eba1d74925c37184e65dd786a93fbcf155142ddc4eac3003c1e60ff3d559,8e2c7e8c067167b55051ad3a6dfbe2683e98cc536ad849199497481adcd55da1,***81*****,KMJTA18G,11,"DT-201A,4.04.54,K",2.01807E+13,2.01807E+13,2.01807E+14,2.01807E+13,2.01807E+13,126.802734,37.575005,126.79903,37.576653,252,435150,16.28,56,55738,1,707,16211,29.08,39527,0,0,1680,769,0,0,0,0,0,0,0,0,0,0,0,0,0,0,0,0,0,0,0,0,0,0,0,0,0,0,0,2,19,8,5,0,7,0,0,1150011000
20180710,ecb4eba1d74925c37184e65dd786a93fbcf155142ddc4eac3003c1e60ff3d559,80a15a32b63df131fa1b6ab2c3a774ca317b81fa3d41326852930c7eb460466a,***81*****,KMJTA18G,11,"DT-202,6.01.21",2.01807E+13,2.01807E+13,2.01807E+14,2.01807E+13,2.01807E+13,126.79821,37.576794,126.7982,37.5768,51,10468,16.61,49,11053,1,134,2583,23.37,8470,0,0,1486,676,0,0,0,0,0,0,0,0,0,0,0,0,0,0,0,0,0,0,0,0,0,0,0,0,0,0,0,0,0,0,0,0,6,0,0,1150011000
20180710,ecb4eba1d74925c37184e65dd786a93fbcf155142ddc4eac3003c1e60ff3d559,543eca4011802dc3b352bae9ac729221f78fe91d3dec3b9eaa289bdefeb5ff45,***81*****,KMJTA18G,11,"DT-202,5.07.16",2.01807E+13,2.01807E+13,2.01807E+14,2.01807E+13,2.01807E+13,126.80807,37.55954,126.80449,37.567116,254,68365,16.16,60,56592,1,699,16067,28.39,40525,0,0,1800,778,0,0,0,0,0,0,0,0,0,0,0,0,0,0,0,0,0,0,0,0,0,0,0,0,0,0,0,0,17,7,0,0,13,0,0,1150011000
20180710,ecb4eba1d74925c37184e65dd786a93fbcf155142ddc4eac3003c1e60ff3d559,c177f1b57d07b7559ff13fde6dc88ff4675c2afe1a4339e77d1a9749d8d976d8,***81*****,KMJTA18G,11,"DT-202,6.01.39",2.01807E+13,2.01807E+13,2.01807E+14,2.01807E+13,2.01807E+13,126.90609,37.517498,126.87192,37.54726,295,1785,16.62,57,63883,1,880,20145,31.53,43738,0,0,1448,660,0,0,0,0,0,0,0,0,0,0,0,0,0,0,0,0,0,0,0,0,0,0,0,0,0,0,0,0,10,8,0,0,25,0,0,1150011000
20180710,ecb4eba1d74925c37184e65dd786a93fbcf155142ddc4eac3003c1e60ff3d559,872276168f515fe14fd714cdbb4e2422f096b2df18022e38986f62efd7c3bedb,***81*****,KMJTA18G,11,"DT-202,6.01.39",2.01807E+13,2.01807E+13,2.01807E+14,2.01807E+13,2.01807E+13,126.79897,37.576733,126.79898,37.57672,248,4420,16.65,54,53632,1,701,13873,25.87,39759,0,0,1432,625,0,0,0,0,0,0,0,0,0,0,0,0,0,0,0,0,0,0,0,0,0,0,0,0,0,0,0,0,18,4,1,0,19,0,0,1150011000
20180710,ecb4eba1d74925c37184e65dd786a93fbcf155142ddc4eac3003c1e60ff3d559,58d5bebb9b381dea969b4ba4c4bbec1ecbb1018224b9250b308cbe2e4a418976,***81*****,KMJTA18G,11,"DT-202,6.01.39",2.01807E+13,2.01807E+13,2.01807E+14,2.01807E+13,2.01807E+13,126.798935,37.57673,126.79906,37.57667,248,4573,16.82,57,53067,1,647,15165,28.58,37902,0,0,1540,700,0,0,0,0,0,0,0,0,0,0,0,0,0,0,0,0,0,0,0,0,0,0,0,0,0,0,1,0,15,2,1,0,24,0,0,1150011000
20180710,ecb4eba1d74925c37184e65dd786a93fbcf155142ddc4eac3003c1e60ff3d559,e39462d217e379b6390fabe78e0ff640cf08b5bdf7481870564e7c1eb346f86e,***81*****,KMJTA18G,11,"DT-202,5.07.15",2.01807E+13,2.01807E+13,2.01807E+14,2.01807E+13,2.01807E+13,126.82485,37.55078,126.80274,37.566257,251,175005,16.49,58,54800,1,678,15516,28.31,39284,0,0,1760,757,0,0,0,0,2,1,0,0,0,0,0,0,0,0,0,0,0,0,0,0,0,0,0,0,0,0,0,0,11,2,0,0,2,0,0,1150011000
20180710,ecb4eba1d74925c37184e65dd786a93fbcf155142ddc4eac3003c1e60ff3d559,d7596fee8300ce181f670b4fb2cfb074b1f36ff9088b43046d534ad19af4a43a,***81*****,KMJTA18G,11,"DT-202,6.01.21",2.01807E+13,2.01807E+13,2.01807E+14,2.01807E+13,2.01807E+13,126.79941,37.57693,126.79831,37.576828,52,10450,16.44,52,11385,1,129,3187,27.99,8198,0,0,1638,678,0,0,0,0,0,0,0,0,0,0,0,0,0,0,0,0,0,0,0,0,0,0,0,0,0,0,0,0,0,0,0,2,2,0,0,1150011000
20180710,ecb4eba1d74925c37184e65dd786a93fbcf155142ddc4eac3003c1e60ff3d559,134b6cdbb1619ca0637778bbf4f693652e6a911056ec6086aab14c4f5ffae47d,***81*****,KMJTA18G,11,"DT-202,6.01.39",2.01807E+13,2.01807E+13,2.01807E+14,2.01807E+13,2.01807E+13,126.79916,37.57666,126.96305,37.524055,255,1413,16.11,60,56987,1,777,20687,36.3,36300,0,0,1632,655,0,0,0,0,0,0,0,0,0,0,0,0,0,0,0,0,0,0,0,0,0,0,0,0,0,0,0,0,15,6,0,0,21,0,0,1150011000
20180710,ecb4eba1d74925c37184e65dd786a93fbcf155142ddc4eac3003c1e60ff3d559,673b49226f361835d61306970061bb712b07be98c913fb80f97b6620b178dd1a,***81*****,KMJTA18G,11,"DT-202,6.01.39",2.01807E+13,2.01807E+13,2.01807E+14,2.01807E+13,2.01807E+13,126.96695,37.528282,126.90547,37.52467,296,1663,16.86,56,63201,1,902,19829,31.37,43372,0,0,1629,637,0,0,0,0,0,0,0,0,0,0,0,0,0,0,0,0,0,0,0,0,0,0,0,0,0,0,0,0,8,6,0,1,25,0,0,1150011000
20180710,ecb4eba1d74925c37184e65dd786a93fbcf155142ddc4eac3003c1e60ff3d559,79287b8177f3527bc0851a324cec7e9d4b729e7a87d0a90a3cadb89f99d63183,***81*****,KMJTA18G,11,"DT-202,5.07.17",2.01807E+13,2.01807E+13,2.01807E+14,2.01807E+13,2.01807E+13,126.97533,37.55349,126.935425,37.513268,245,193296,16.41,58,53763,1,747,18670,34.73,35093,0,0,2121,693,3,0,0,0,0,0,0,0,0,0,0,0,0,0,0,0,0,0,0,0,0,0,0,0,0,0,0,0,8,5,1,6,25,0,0,1150011000
20180710,ecb4eba1d74925c37184e65dd786a93fbcf155142ddc4eac3003c1e60ff3d559,db780844c80c16ba1d7a966b6ba5abf9d22a1dd45eb91ec872b8e116a4905bc7,***81*****,KMJTA18G,11,"DT-202,5.07.15",2.01807E+13,2.01807E+13,2.01807E+14,2.01807E+13,2.01807E+13,126.798805,37.57657,126.79891,37.576626,237,318767,15.86,62,53803,1,896,14643,27.22,39160,0,0,1720,871,0,0,0,0,5,10,0,0,0,0,0,0,0,0,0,0,0,0,0,0,0,0,0,0,1,0,1,0,8,9,0,0,4,0,0,1150011000
20180710,ecb4eba1d74925c37184e65dd786a93fbcf155142ddc4eac3003c1e60ff3d559,22321ddaaf957572547be9a03eb59d2ef0e7bc1382ec4c031e70976a993c5c2c,***81*****,KMJTA18G,11,"DT-202,5.07.15",2.01807E+13,2.01807E+13,2.01807E+14,2.01807E+13,2.01807E+13,126.91165,37.51778,126.79867,37.57651,179,340557,13.35,57,48282,1,647,19373,40.12,28909,0,0,1560,754,0,0,1,71,0,0,0,0,0,0,0,0,0,0,0,0,0,0,0,0,0,0,0,0,0,0,0,1,5,1,0,2,7,0,0,1150011000
20180710,ecb4eba1d74925c37184e65dd786a93fbcf155142ddc4eac3003c1e60ff3d559,78fe1110db806a9f3bfc3385976054e24e2a677d37d21f2890de36875fc263ab,***81*****,KMJTA18G,11,"DT-202,5.07.15",2.01807E+13,2.01807E+13,2.01807E+14,2.01807E+13,2.01807E+13,0,0,0,0,305,52724,17.99,63,61036,1,854,17670,28.95,43366,0,0,1680,928,0,0,0,0,0,0,0,0,0,0,0,0,0,0,0,0,0,0,0,0,0,0,0,0,1,0,1,1,0,0,0,0,0,0,0,1150011000
20180710,ecb4eba1d74925c37184e65dd786a93fbcf155142ddc4eac3003c1e60ff3d559,76ea412a5e40fb22b1b4a8bcd012aa2113e23f378d382747ccc3ab2ca214657e,***81*****,KMJTA18G,11,"DT-202,5.07.15",2.01807E+13,2.01807E+13,2.01807E+14,2.01807E+13,2.01807E+13,126.96152,37.52194,126.957115,37.51525,310,432980,17.92,65,62261,1,854,18256,29.32,44005,0,0,1700,924,0,0,0,0,4,23,0,0,0,0,0,0,0,0,0,0,0,0,0,0,0,0,0,0,0,0,0,0,10,9,1,5,15,0,0,1150011000
20180710,ecb4eba1d74925c37184e65dd786a93fbcf155142ddc4eac3003c1e60ff3d559,a82f8a5a333ccbb5a8405ea5ea8581bd39d71d9f70a5f7f73ff8a1bd373b3ec7,***81*****,KMJTA18G,11,"DT-202,5.07.15",2.01807E+13,2.01807E+13,2.01807E+14,2.01807E+13,2.01807E+13,126.80014,37.57623,126.97401,37.55396,213,441457,17.41,61,44038,1,604,13342,30.3,30696,0,0,1800,924,0,0,0,0,1,0,0,0,0,0,0,0,0,0,0,0,0,0,0,0,0,0,0,0,4,0,2,0,4,3,0,0,7,0,0,1150011000
20180710,ecb4eba1d74925c37184e65dd786a93fbcf155142ddc4eac3003c1e60ff3d559,bd38c8d490c9a9c897eea3be97b9702a26ebf653db110ad35b3779ad30eeb84e,***81*****,KMJTA18G,11,"DT-202,5.07.15",2.01807E+13,2.01807E+13,2.01807E+14,2.01807E+13,2.01807E+13,126.83771,37.55864,126.97531,37.54555,248,4839,16.05,60,55641,1,758,18088,32.51,37553,0,0,1594,683,0,0,0,0,0,0,0,0,0,0,0,0,0,0,0,0,0,0,0,0,0,0,0,0,0,0,2,0,12,4,0,1,11,0,0,1150011000
20180710,ecb4eba1d74925c37184e65dd786a93fbcf155142ddc4eac3003c1e60ff3d559,1d7b183950aad9f75d13823b0de74fe7cea55f5bbf2081e591c5579c8b53fb34,***81*****,KMJTA18G,11,"DT-202,6.01.08",2.01807E+13,2.01807E+13,2.01807E+14,2.01807E+13,2.01807E+13,126.79926,37.576702,126.799126,37.576748,278,96086,16.53,57,60561,1,820,17288,28.55,43273,0,0,1282,638,0,0,0,0,0,0,0,0,0,0,0,0,0,0,0,0,0,0,0,0,0,0,0,0,0,0,0,0,15,4,0,0,23,0,0,1150011000
20180710,ecb4eba1d74925c37184e65dd786a93fbcf155142ddc4eac3003c1e60ff3d559,967f5538094940aced1160b95f07b61e4fe9fb7927451c2595aab4f8a87a7bc3,***81*****,KMJTA18G,11,"DT-202,6.01.39",2.01807E+13,2.01807E+13,2.01807E+14,2.01807E+13,2.01807E+13,126.79915,37.57666,126.79903,37.576733,283,1850,16.6,58,61362,1,867,19628,31.99,41734,0,0,1368,651,0,0,0,0,0,0,0,0,0,0,0,0,0,0,0,0,0,0,0,0,0,0,0,0,0,0,2,0,13,5,0,0,31,0,0,1150011000
20180710,ecb4eba1d74925c37184e65dd786a93fbcf155142ddc4eac3003c1e60ff3d559,a279cbe974b8f7af5b7ef73095ef315baecf02515ac3906d157a41418af1f13e,***81*****,KMJTA18G,11,"DT-202,6.01.08",2.01807E+13,2.01807E+13,2.01807E+14,2.01807E+13,2.01807E+13,126.79916,37.57677,126.79919,37.57677,279,95204,16.58,57,60567,1,867,19375,31.99,41192,0,0,1577,677,0,0,0,0,0,0,0,0,0,0,0,0,0,0,0,0,0,0,0,0,0,0,0,0,0,0,2,0,11,4,0,0,25,0,0,1150011000
20180710,ecb4eba1d74925c37184e65dd786a93fbcf155142ddc4eac3003c1e60ff3d559,50416a1daaadc579ecd7736c635fe23ea0da6569aa6ce02733c41fae50328c97,***81*****,KMJTA18G,11,"DT-202,6.01.05",2.01807E+13,2.01807E+13,2.01807E+14,2.01807E+13,2.01807E+13,126.79923,37.576794,126.79934,37.576736,282,84020,16.23,56,62564,1,897,19846,31.72,42718,0,0,1738,738,0,0,0,0,0,0,0,0,0,0,0,0,0,0,0,0,0,0,0,0,0,0,0,0,0,0,0,0,8,2,0,0,14,0,0,1150011000
20180710,ecb4eba1d74925c37184e65dd786a93fbcf155142ddc4eac3003c1e60ff3d559,0e42488067ce59263a6d8dd0130e111fc46c58e0f6540a00374e9128d044db87,***81*****,KMJTA18G,11,"DT-202,5.07.15",2.01807E+13,2.01807E+13,2.01807E+14,2.01807E+13,2.01807E+13,126.79905,37.57668,126.79895,37.576706,167,189592,16.15,56,37220,1,504,12892,34.64,24328,0,0,1434,668,0,0,0,0,0,0,0,0,0,0,0,0,0,0,0,0,0,0,0,0,0,0,0,0,0,0,1,0,12,3,2,0,55,0,0,1150011000
20180710,ecb4eba1d74925c37184e65dd786a93fbcf155142ddc4eac3003c1e60ff3d559,ec59ac41d61b3a3baeab5b20e601417e8211f2307740e559058db7f7aad33e98,***81*****,KMJTA18G,11,"DT-201A,4.04.26,0K",2.01807E+13,2.01807E+13,2.01807E+14,2.01807E+13,2.01807E+13,126.79949,37.576767,126.79947,37.57676,300,69529,17.75,62,60857,1,813,18853,30.98,42004,0,0,1600,924,0,0,1,43,7,24,4,14,0,0,0,0,0,0,0,0,0,0,0,0,0,0,0,0,2,0,2,0,7,4,0,0,7,0,0,1150011000
20180710,ecb4eba1d74925c37184e65dd786a93fbcf155142ddc4eac3003c1e60ff3d559,4156bc96eb3b2a9a7b2ac4724552cfdc51459559506bf587f2e134f64141f2db,***81*****,KMJTA18G,11,"DT-202,5.07.23",2.01807E+13,2.01807E+13,2.01807E+14,2.01807E+13,2.01807E+13,126.86078,37.561386,126.81658,37.570984,238,21412,15.94,61,53737,1,797,15487,28.82,38250,0,0,1580,877,0,0,0,0,1,12,1,0,0,0,0,0,0,0,0,0,0,0,0,0,0,0,0,0,0,0,0,0,9,6,1,0,5,0,0,1150011000
20180710,ecb4eba1d74925c37184e65dd786a93fbcf155142ddc4eac3003c1e60ff3d559,4aff3c3ca9286bd30148182e9b250f0a71675c41337d38bb51d864f00df1a725,***81*****,KMJTA18G,11,"DT-202,5.07.15",2.01807E+13,2.01807E+13,2.01807E+14,2.01807E+13,2.01807E+13,126.79962,37.576736,126.798386,37.57729,51,189891,14.8,54,12407,1,169,4098,33.03,8309,0,0,1593,644,0,0,0,0,0,0,0,0,0,0,0,0,0,0,0,0,0,0,0,0,0,0,0,0,0,0,0,0,0,0,0,0,5,0,0,1150011000
20180710,ecb4eba1d74925c37184e65dd786a93fbcf155142ddc4eac3003c1e60ff3d559,be79307f8633d64afd2c913afd1c96d8f0366ae3762c7953b2afeee4cf8fbebc,***81*****,KMJTA18G,11,"DT-202,5.07.15",2.01807E+13,2.01807E+13,2.01807E+14,2.01807E+13,2.01807E+13,126.79825,37.5769,126.79818,37.57679,51,172302,15.73,59,11672,1,151,3821,32.74,7851,0,0,1401,634,0,0,0,0,0,0,0,0,0,0,0,0,0,0,0,0,0,0,0,0,0,0,0,0,0,0,0,0,0,0,0,0,3,0,0,1150011000
20180710,ecb4eba1d74925c37184e65dd786a93fbcf155142ddc4eac3003c1e60ff3d559,2caab54a8447d2a1adb0199d737e39c954a9c7a4abce0c9428f1cd5337e9fa08,***81*****,KMJTA18G,11,"DT-201A,4.04.54,K",2.01807E+13,2.01807E+13,2.01807E+14,2.01807E+13,2.01807E+13,126.85496,37.560596,126.82522,37.551857,252,442215,16.33,61,55553,1,712,15050,27.09,40503,0,0,1640,747,0,0,0,0,0,0,0,0,0,0,0,0,0,0,0,0,0,0,0,0,0,0,0,0,0,0,0,0,11,2,4,0,6,3,33,1150011000
20180710,ecb4eba1d74925c37184e65dd786a93fbcf155142ddc4eac3003c1e60ff3d559,76ee5d137d266d4ea3125b7632c2df0799efb353a8ffe0be2cd2b28830f6efd9,***81*****,KMJTA18E,11,"DT-202,5.07.23",2.01807E+13,2.01807E+13,2.01807E+14,2.01807E+13,2.01807E+13,126.79927,37.57676,126.81101,37.572887,77,25945,14.06,55,19718,1,304,6163,31.26,13555,0,0,1770,854,0,0,1,81,0,0,0,0,0,0,0,0,0,0,0,0,0,0,0,0,0,0,0,0,0,0,0,0,0,0,0,0,0,0,0,1150011000
20180710,ecb4eba1d74925c37184e65dd786a93fbcf155142ddc4eac3003c1e60ff3d559,bf0c52ff15d7a02b3678ae465dcbc15f1b77cc93729688e6588242bf3d735a48,***81*****,KMJTA18E,11,"DT-202,5.07.15",2.01807E+13,2.01807E+13,2.01807E+14,2.01807E+13,2.01807E+13,126.79706,37.5776,126.79948,37.576736,226,334315,14.85,60,54785,1,918,15013,27.4,39772,0,0,2162,860,4,0,0,0,1,3,0,0,0,0,0,0,0,0,0,0,0,0,0,0,0,0,0,0,0,0,0,0,11,9,2,2,19,0,0,1150011000
20180710,ecb4eba1d74925c37184e65dd786a93fbcf155142ddc4eac3003c1e60ff3d559,dc5453fcb7911bdfefcf1408a0cf2b1fcf1d1b5b7998b50dfe7e865ce428c0a5,***81*****,KMJTA18G,11,"DT-202,5.07.15",2.01807E+13,2.01807E+13,2.01807E+14,2.01807E+13,2.01807E+13,126.799164,37.576694,126.7991,37.576664,238,4840,16.58,60,51680,1,696,16980,32.86,34700,0,0,1556,840,0,0,1,626,1,2,0,0,0,0,0,0,0,0,0,0,0,0,0,0,0,0,0,0,1,0,0,0,7,2,1,0,18,0,0,1150011000
20180710,ecb4eba1d74925c37184e65dd786a93fbcf155142ddc4eac3003c1e60ff3d559,edcc9c61913241242b4f53ba06840feb4a90802f576c124c7d59cd84cabe0664,***81*****,KMJTA18G,11,"DT-202,5.07.15",2.01807E+13,2.01807E+13,2.01807E+14,2.01807E+13,2.01807E+13,126.80075,37.57558,126.79876,37.57665,240,445095,16.47,60,52472,1,739,18515,35.29,33957,0,0,1660,911,0,0,0,0,3,2,0,0,0,0,0,0,0,0,0,0,0,0,0,0,0,0,0,0,1,0,3,0,4,1,0,0,4,0,0,1150011000
20180710,8bf25ea218df8b6d927f2e203832209f587ca3d892163b3a2a0ed8c2ca84fb02,4bdbbf83e71655a8c2d9adce9d322a5b21e0bc87ae3af31d2103b5857aee2637,***81*****,KMJTA18E,11,DTG-1000,2.01807E+13,2.01807E+13,2.01807E+14,2.01807E+13,2.01807E+13,126.81198,37.568016,126.81444,37.5805,45,412840,15.77,62,10270,0,167,3743,36.45,6527,0,0,1760,857,0,0,0,0,3,2,0,0,0,0,0,0,0,0,0,0,0,0,0,0,0,0,0,0,14,20,5,0,3,0,0,2,0,0,0,1150010900
20180710,8bf25ea218df8b6d927f2e203832209f587ca3d892163b3a2a0ed8c2ca84fb02,4bdbbf83e71655a8c2d9adce9d322a5b21e0bc87ae3af31d2103b5857aee2637,***81*****,KMJTA18E,11,DTG-1000,2.01807E+13,2.01807E+13,2.01807E+14,2.01807E+13,2.01807E+13,126.806595,37.56172,126.814606,37.58034,45,412885,13.91,55,11647,1,208,4445,38.16,7202,0,0,1812,833,0,0,0,0,0,0,0,0,0,0,0,0,0,0,0,0,0,0,0,0,0,0,0,0,18,12,0,0,1,1,0,0,1,0,0,1150010900
20180710,8bf25ea218df8b6d927f2e203832209f587ca3d892163b3a2a0ed8c2ca84fb02,4bdbbf83e71655a8c2d9adce9d322a5b21e0bc87ae3af31d2103b5857aee2637,***81*****,KMJTA18E,11,DTG-1000,2.01807E+13,2.01807E+13,2.01807E+14,2.01807E+13,2.01807E+13,126.81452,37.58018,126.81445,37.580322,45,412930,15.53,48,10430,0,178,3365,32.26,7065,0,0,1582,865,0,0,0,0,0,0,0,0,0,0,0,0,0,0,0,0,0,0,0,0,0,0,0,0,4,7,0,0,2,0,0,0,3,0,0,1150010900
20180710,8bf25ea218df8b6d927f2e203832209f587ca3d892163b3a2a0ed8c2ca84fb02,4bdbbf83e71655a8c2d9adce9d322a5b21e0bc87ae3af31d2103b5857aee2637,***81*****,KMJTA18E,11,DTG-1000,2.01807E+13,2.01807E+13,2.01807E+14,2.01807E+13,2.01807E+13,126.89235,37.521923,126.900826,37.52063,20,412950,16.49,55,4366,0,82,1266,29,3100,0,0,1468,871,0,0,0,0,0,0,0,0,0,0,0,0,0,0,0,0,0,0,0,0,0,0,0,0,10,7,0,0,0,0,0,0,1,0,0,1150010900
20180710,8bf25ea218df8b6d927f2e203832209f587ca3d892163b3a2a0ed8c2ca84fb02,cf3374a4a76ce226601ea28592016aaf5617f7fc7c47c5730ddbe610978af6d1,***81*****,KMJTA18G,11,DTG-1000,2.01807E+13,2.01807E+13,2.01807E+14,2.01807E+13,2.01807E+13,126.81468,37.57995,126.81455,37.580143,45,1016825,16.17,61,10021,0,147,3235,32.28,6786,0,0,1800,963,0,0,1,11,1,0,0,0,0,0,0,0,0,0,0,0,0,0,0,0,0,0,0,0,10,2,0,0,1,3,0,1,9,0,0,1150010900
20180710,8bf25ea218df8b6d927f2e203832209f587ca3d892163b3a2a0ed8c2ca84fb02,cf3374a4a76ce226601ea28592016aaf5617f7fc7c47c5730ddbe610978af6d1,***81*****,KMJTA18G,11,DTG-1000,2.01807E+13,2.01807E+13,2.01807E+14,2.01807E+13,2.01807E+13,126.81422,37.580647,126.81466,37.580326,45,1016871,13.3,65,12185,1,204,4577,37.56,7608,0,0,1900,865,0,0,1,11,1,0,0,0,0,0,0,0,0,0,0,0,0,0,0,0,0,0,0,0,8,3,1,0,0,1,1,2,8,0,0,1150010900
20180710,8bf25ea218df8b6d927f2e203832209f587ca3d892163b3a2a0ed8c2ca84fb02,cf3374a4a76ce226601ea28592016aaf5617f7fc7c47c5730ddbe610978af6d1,***81*****,KMJTA18G,11,DTG-1000,2.01807E+13,2.01807E+13,2.01807E+14,2.01807E+13,2.01807E+13,126.813354,37.57982,126.81455,37.58025,46,1016917,13.96,62,11860,1,204,4642,39.14,7218,0,0,1740,875,0,0,0,0,0,0,0,0,0,0,0,0,0,0,0,0,0,0,0,0,0,0,0,0,11,1,1,0,2,2,0,1,20,0,0,1150010900
20180710,8bf25ea218df8b6d927f2e203832209f587ca3d892163b3a2a0ed8c2ca84fb02,cf3374a4a76ce226601ea28592016aaf5617f7fc7c47c5730ddbe610978af6d1,***81*****,KMJTA18G,11,DTG-1000,2.01807E+13,2.01807E+13,2.01807E+14,2.01807E+13,2.01807E+13,126.81467,37.58014,126.81461,37.580376,45,1016962,13.64,56,11876,1,212,4323,36.4,7553,0,0,1640,871,0,0,0,0,1,3,0,0,0,0,0,0,0,0,0,0,0,0,0,0,0,0,0,0,8,2,2,0,3,1,0,1,6,0,0,1150010900
20180710,8bf25ea218df8b6d927f2e203832209f587ca3d892163b3a2a0ed8c2ca84fb02,cf3374a4a76ce226601ea28592016aaf5617f7fc7c47c5730ddbe610978af6d1,***81*****,KMJTA18G,11,DTG-1000,2.01807E+13,2.01807E+13,2.01807E+14,2.01807E+13,2.01807E+13,126.81466,37.580482,126.81463,37.580517,45,1017007,14.52,55,11154,1,189,3915,35.1,7239,0,0,1640,888,0,0,0,0,1,3,0,0,0,0,0,0,0,0,0,0,0,0,0,0,0,0,0,0,5,1,3,0,1,0,0,2,15,0,0,1150010900
20180710,8bf25ea218df8b6d927f2e203832209f587ca3d892163b3a2a0ed8c2ca84fb02,2715ecd5c49d610c8dd2a792d69b5d42c5bb3672a4ecc87f075305930feb437b,***81*****,KMJTA18F,11,ECODTG-1000,2.01807E+13,2.01807E+13,2.01807E+14,2.01807E+13,2.01807E+13,126.81469,37.578876,126.81454,37.580307,43,20074,14.13,60,10956,1,187,4763,43.47,6193,0,0,1661,623,0,0,0,0,0,0,0,0,0,0,0,0,0,0,0,0,0,0,0,0,0,0,0,0,10,7,7,1,0,1,0,0,0,0,0,1150010900
20180710,8bf25ea218df8b6d927f2e203832209f587ca3d892163b3a2a0ed8c2ca84fb02,2715ecd5c49d610c8dd2a792d69b5d42c5bb3672a4ecc87f075305930feb437b,***81*****,KMJTA18F,11,ECODTG-1000,2.01807E+13,2.01807E+13,2.01807E+14,2.01807E+13,2.01807E+13,126.86991,37.513683,126.81418,37.580605,44,20119,12.91,58,12271,1,216,5685,46.33,6586,0,0,1981,678,0,0,0,0,1,2,0,0,0,0,0,0,0,0,0,0,0,0,0,0,0,0,0,0,21,10,6,0,0,0,0,1,8,0,0,1150010900
20180710,8bf25ea218df8b6d927f2e203832209f587ca3d892163b3a2a0ed8c2ca84fb02,2715ecd5c49d610c8dd2a792d69b5d42c5bb3672a4ecc87f075305930feb437b,***81*****,KMJTA18F,11,ECODTG-1000,2.01807E+13,2.01807E+13,2.01807E+14,2.01807E+13,2.01807E+13,126.80845,37.56228,126.81451,37.580532,44,20163,13.65,54,11604,1,200,4857,41.86,6747,0,0,1694,667,0,0,0,0,0,0,0,0,0,0,0,0,0,0,0,0,0,0,0,0,0,0,0,0,6,6,8,1,0,0,0,0,2,0,0,1150010900
20180710,8bf25ea218df8b6d927f2e203832209f587ca3d892163b3a2a0ed8c2ca84fb02,e02115543e6bae8ee94be4d7375046259757ef4dff0d5b91b88f03a47c82afe5,***81*****,KMJRJ18G,11,DTG-1000,2.01807E+13,2.01807E+13,2.01807E+14,2.01807E+13,2.01807E+13,126.91198,37.518234,126.81438,37.580486,22,542233,16.88,51,4693,0,62,1442,30.73,3251,0,0,1260,718,0,0,0,0,0,0,0,0,0,0,0,0,0,0,0,0,0,0,0,0,0,0,0,0,2,1,0,0,1,0,0,2,7,0,0,1150010900
20180710,8bf25ea218df8b6d927f2e203832209f587ca3d892163b3a2a0ed8c2ca84fb02,e02115543e6bae8ee94be4d7375046259757ef4dff0d5b91b88f03a47c82afe5,***81*****,KMJRJ18G,11,DTG-1000,2.01807E+13,2.01807E+13,2.01807E+14,2.01807E+13,2.01807E+13,126.814255,37.580276,126.81465,37.580326,44,542277,13.87,51,11418,1,210,4455,39.02,6963,0,0,1500,732,0,0,0,0,0,0,0,0,0,0,0,0,0,0,0,0,0,0,0,0,0,0,0,0,13,8,3,1,3,0,1,3,5,0,0,1150010900
20180710,8bf25ea218df8b6d927f2e203832209f587ca3d892163b3a2a0ed8c2ca84fb02,e02115543e6bae8ee94be4d7375046259757ef4dff0d5b91b88f03a47c82afe5,***81*****,KMJRJ18G,11,DTG-1000,2.01807E+13,2.01807E+13,2.01807E+14,2.01807E+13,2.01807E+13,126.81334,37.579914,126.81447,37.580494,44,542321,14.93,55,10609,0,194,3901,36.77,6708,0,0,1560,742,0,0,0,0,0,0,0,0,0,0,0,0,0,0,0,0,0,0,0,0,0,0,0,0,12,3,4,0,4,2,0,4,6,0,0,1150010900
20180710,8bf25ea218df8b6d927f2e203832209f587ca3d892163b3a2a0ed8c2ca84fb02,e02115543e6bae8ee94be4d7375046259757ef4dff0d5b91b88f03a47c82afe5,***81*****,KMJRJ18G,11,DTG-1000,2.01807E+13,2.01807E+13,2.01807E+14,2.01807E+13,2.01807E+13,126.81454,37.580276,126.814674,37.580517,43,542364,13.02,53,11888,1,190,4489,37.76,7399,0,0,1440,690,0,0,0,0,0,0,0,0,0,0,0,0,0,0,0,0,0,0,0,0,0,0,0,0,5,0,0,0,2,0,0,3,9,0,0,1150010900
20180710,8bf25ea218df8b6d927f2e203832209f587ca3d892163b3a2a0ed8c2ca84fb02,e02115543e6bae8ee94be4d7375046259757ef4dff0d5b91b88f03a47c82afe5,***81*****,KMJRJ18G,11,DTG-1000,2.01807E+13,2.01807E+13,2.01807E+14,2.01807E+13,2.01807E+13,126.81475,37.580513,126.81448,37.580383,44,542408,14.06,53,11262,1,176,3642,32.34,7620,0,0,1340,685,0,0,0,0,0,0,0,0,0,0,0,0,0,0,0,0,0,0,0,0,0,0,0,0,0,0,0,0,2,0,0,2,12,0,0,1150010900
20180710,8bf25ea218df8b6d927f2e203832209f587ca3d892163b3a2a0ed8c2ca84fb02,e02115543e6bae8ee94be4d7375046259757ef4dff0d5b91b88f03a47c82afe5,***81*****,KMJRJ18G,11,DTG-1000,2.01807E+13,2.01807E+13,2.01807E+14,2.01807E+13,2.01807E+13,126.81486,37.58056,126.89627,37.52127,24,542432,14.8,49,5838,0,77,1959,33.56,3879,0,0,1260,682,0,0,1,184,0,0,0,0,0,0,0,0,0,0,0,0,0,0,0,0,0,0,0,0,1,0,0,0,2,0,0,2,6,0,0,1150010900
20180710,8bf25ea218df8b6d927f2e203832209f587ca3d892163b3a2a0ed8c2ca84fb02,3b9a46d3ad7f20cebf4cb26dded39d384926c6a3c91f1820fbfb56518345d5c7,***81*****,KMJTA18E,11,DTG-1000,2.01807E+13,2.01807E+13,2.01807E+14,2.01807E+13,2.01807E+13,126.95621,37.47997,126.81423,37.5803,22,576901,20.71,57,3824,0,41,1023,26.75,2801,0,0,1760,926,0,0,0,0,1,0,0,0,0,0,0,0,0,0,0,0,0,0,0,0,0,0,0,0,5,2,0,0,0,2,0,0,3,0,0,1150010900
20180710,8bf25ea218df8b6d927f2e203832209f587ca3d892163b3a2a0ed8c2ca84fb02,3b9a46d3ad7f20cebf4cb26dded39d384926c6a3c91f1820fbfb56518345d5c7,***81*****,KMJTA18E,11,DTG-1000,2.01807E+13,2.01807E+13,2.01807E+14,2.01807E+13,2.01807E+13,126.81664,37.574135,126.8144,37.580345,55,576956,17.08,61,11593,1,161,4113,35.48,7480,0,0,1680,870,0,0,0,0,1,7,0,0,0,0,0,0,0,0,0,0,0,0,0,0,0,0,0,0,5,18,3,0,2,5,1,1,2,0,0,1150010900
20180710,8bf25ea218df8b6d927f2e203832209f587ca3d892163b3a2a0ed8c2ca84fb02,3b9a46d3ad7f20cebf4cb26dded39d384926c6a3c91f1820fbfb56518345d5c7,***81*****,KMJTA18E,11,DTG-1000,2.01807E+13,2.01807E+13,2.01807E+14,2.01807E+13,2.01807E+13,126.81428,37.580208,126.814674,37.580303,55,577011,17.24,61,11487,1,155,3644,31.72,7843,0,0,1738,881,0,0,1,151,4,12,1,0,0,0,0,0,0,0,0,0,0,0,0,0,0,0,0,0,5,5,9,0,2,1,1,0,0,0,0,1150010900
20180710,8bf25ea218df8b6d927f2e203832209f587ca3d892163b3a2a0ed8c2ca84fb02,3b9a46d3ad7f20cebf4cb26dded39d384926c6a3c91f1820fbfb56518345d5c7,***81*****,KMJTA18E,11,DTG-1000,2.01807E+13,2.01807E+13,2.01807E+14,2.01807E+13,2.01807E+13,126.80212,37.56259,126.81459,37.58039,54,577065,17.35,53,11204,1,186,3519,31.41,7685,0,0,1674,889,0,0,0,0,1,16,0,0,0,0,0,0,0,0,0,0,0,0,0,0,0,0,0,0,1,1,3,0,3,2,0,0,3,0,0,1150010900
20180710,8bf25ea218df8b6d927f2e203832209f587ca3d892163b3a2a0ed8c2ca84fb02,3b9a46d3ad7f20cebf4cb26dded39d384926c6a3c91f1820fbfb56518345d5c7,***81*****,KMJTA18E,11,DTG-1000,2.01807E+13,2.01807E+13,2.01807E+14,2.01807E+13,2.01807E+13,126.802284,37.56586,126.814545,37.58044,55,577120,14.47,52,13681,1,204,5009,36.61,8672,0,0,1666,851,0,0,0,0,0,0,0,0,0,0,0,0,0,0,0,0,0,0,0,0,0,0,0,0,1,0,0,0,0,0,0,0,2,0,0,1150010900
20180710,8bf25ea218df8b6d927f2e203832209f587ca3d892163b3a2a0ed8c2ca84fb02,3b9a46d3ad7f20cebf4cb26dded39d384926c6a3c91f1820fbfb56518345d5c7,***81*****,KMJTA18E,11,DTG-1000,2.01807E+13,2.01807E+13,2.01807E+14,2.01807E+13,2.01807E+13,126.80209,37.56045,126.83777,37.52073,42,577162,19.16,52,7890,0,106,2025,25.67,5865,0,0,1657,912,0,0,0,0,0,0,0,0,0,0,0,0,0,0,0,0,0,0,0,0,0,0,0,0,0,0,0,0,0,0,0,0,0,0,0,1150010900
20180710,8bf25ea218df8b6d927f2e203832209f587ca3d892163b3a2a0ed8c2ca84fb02,4bd48179e12889199d55f3444d7bd0b978f14a66e144ce2a0574cd6ff8ad45b2,***81*****,KMJTA18E,11,DTG-1000,2.01807E+13,2.01807E+13,2.01807E+14,2.01807E+13,2.01807E+13,126.95282,37.481464,126.81425,37.58038,25,531007,20.84,55,4319,0,49,1002,23.2,3317,0,0,1585,948,0,0,0,0,0,0,0,0,0,0,0,0,0,0,0,0,0,0,0,0,0,0,0,0,5,9,0,0,1,0,0,0,1,0,0,1150010900
20180710,8bf25ea218df8b6d927f2e203832209f587ca3d892163b3a2a0ed8c2ca84fb02,4bd48179e12889199d55f3444d7bd0b978f14a66e144ce2a0574cd6ff8ad45b2,***81*****,KMJTA18E,11,DTG-1000,2.01807E+13,2.01807E+13,2.01807E+14,2.01807E+13,2.01807E+13,126.8144,37.580517,126.81414,37.58038,55,531062,16.86,58,11746,1,186,4085,34.78,7661,0,0,1698,869,0,0,0,0,0,0,0,0,0,0,0,0,0,0,0,0,0,0,0,0,0,0,0,0,16,18,2,0,2,0,0,0,1,0,0,1150010900
20180710,9c0778932ef7a41ad1ea105c92e5ce7845fcaa327730f55a8ad789812b0e728f,6bad803cf57f1cb9045f23e9090fe98959a3b6f3b37c2c80f05f58cf164a10b0,***81*****,KN4JAW45,31,2011SLKC17006814,2.01808E+13,2.01808E+13,2.01808E+14,2.01807E+13,2.01807E+13,126.890564,37.51368,126.89099,37.513645,17,2663,10,54,6117,0,100,2664,43.55,3453,0,0,2640,1105,305,3,0,0,0,0,0,0,0,0,0,0,0,0,0,0,0,0,0,0,0,0,0,0,68,21,22,6,0,0,0,9,18,0,0,4128510400
