노선명,시점부,종점부,구간길이(km),기점 방향 제한속도(kph),종점 방향 제한속도(kph)
경부선,구서IC,천안IC,339.5,100,100
경부선,천안IC ,양재IC,75.9,110,110
남해선(영암~순천),서영암IC,도롱IC,104.56,100,100
남해선(순천~부산),서순천IC,덕천IC,169.25,100,100
무안광주/광주대구선,무안공항IC,북무안IC,3.9,80,80
무안광주/광주대구선,북무안IC,운수IC,37.5,100,100
무안광주/광주대구선,고서JCT,옥포JCT,171.529,100,100
함양울산선(창녕~밀양),창녕JCT,밀양JCT,27.8,100,100
함양울산선(밀양~울산),밀양JCT,울주JCT,44.3,100,100
서해안선,죽림IC,매송IC,313.01,110,110
서해안선,매송IC,금천IC ,22.99,100,100
울산선,언양JCT,울산TG,12.7,100,100
울산선,울산TG,울산IC,1.6,80,80
평택화성/수원문산선(평택~화성),오성IC,봉담IC,26.7,100,100
평택화성/수원문산선(수원~광명),봉담IC,남광명TG,22.8,100,100
평택화성/수원문산선(수원~광명),남광명TG,성채소하IC,4.58,80,80
새만금포항선(완주~장수),완주JCT,장수JCT,50.5,100,100
새만금포항선(대구~포항),팔공산IC,포항TG,67.3,100,100
새만금포항선(대구~포항),포항TG,포항IC,2.1,80,80
호남선,서순천IC,논산JCT,194.22,100,100
논산천안선,논산JCT,천안JCT,82.04,110,110
순천완주선,동순천IC,완주JCT,117.27,100,100
세종포천선(안성~구리),남안성JCT,용인JCT,43.9,120,120
세종포천선(안성~구리),용인JCT,광남IC,14.7,110,110
세종포천선(안성~구리),광남IC,남구리IC,13.6,100,100
세종포천선(구리~포천),남구리IC,신북IC,44.6,100,100
서산영덕선(당진~대전),당진JCT,유성JCT,91.58,110,110
서산영덕선(청주~상주),청주JCT,낙동JCT,79.42,110,110
서산영덕선(상주~영덕),낙동JCT,영덕IC,107.9,100,100
당진청주선(아산~천안),아산IC,천안JCT,21,100,100
당진청주선(옥산~오창),옥산JCT,오창JCT,12.1,100,100
통영대전선,통영IC,진주JCT,47.9,100,100
통영대전선,진주JCT,비룡JCT,167.8,100,100
중부선,남이JCT,하남JCT,117.23,110,110
제2중부선,마장JCT,산곡JCT,31.08,110,110
평택제천선,서평택JCT,제천JCT,126.91,100,100
중부내륙선,내서JCT,낙동JCT,139.2,100,100
중부내륙선,낙동JCT,북여주IC,143.7,110,110
중부내륙선,북여주IC,양평IC,18.51,100,100
영동선,서창JCT,서안산IC,12.5,100,100
영동선,서안산IC,북수원IC,18.3,80,80
영동선,북수원IC,오원4교,115.5,100,100
영동선,오원4교,횡성휴게소 인근,7,80,100
영동선,횡성휴게소 인근,강릉JCT,82.6,100,100
영동선,횡성휴게소 인근,강릉JCT,82.6,100,100
제2영동선(광주원주선),광주JCT,원주JCT,56.95,100,100
중앙선,삼락IC,대동JCT,10,100,100
중앙선,대동JCT,동대구JCT,82.05,110,110
중앙선,금호JCT,춘천휴게소(춘천)인근,272.4,100,100
중앙선,춘천휴게소(춘천)인근,춘천IC,5.08,100,80
서울양양선,강일IC,미사IC,1.92,80,80
서울양양선,미사IC,조양IC,59.4,100,100
서울양양선,조양IC,양양JCT,88.8,100,100
동해/울산포항선(삼척~속초),남삼척IC,속초IC,121.8,100,100
동해/울산포항선(부산~울산),동해선(부산~포항)시점,해운대IC,1.78,80,80
동해/울산포항선(부산~울산),해운대IC,울산JCT,45.4,100,100
동해/울산포항선(울산~포항),울산JCT,남포항IC,53.7,100,100
수도권제1순환선,퇴계원IC,일산IC,91.7,100,100
수도권제1순환선,일산IC,퇴계원IC,36.3,100,100
남해제1지선,산인TG,창원JCT,17.7,100,100
남해제2지선,냉정JCT,서부산IC,18.03,100,100
남해제2지선,서부산IC,사상IC,2.19,80,80
부산신항 제2배후선,진례JCT,남해제3지선 종점,15.26,100,100
제2경인선,제2경인선 시점,석수IC,25.5,100,100
제2경인선,공항신도시JCT,송도IC,21.4,100,100
제2경인선,석수IC,여수대로IC,21.9,100,100
경인선,경인선 시점,경인선 종점,23.89,100,100
인천국제공항선,인천국제공항선 시점,북로JCT,36.55,100,100
서천공주선,동서천IC,동서천JCT,2.18,80,80
서천공주선,동서천JCT,서천터널,3.22,100,100
서천공주선,서천터널,서공주JCT,55.96,110,110
평택시흥선,서평택JCT,군자JCT,39.37,100,100
용인서울/오산화성선,서오산JCT,안녕IC,2.55,100,100
용인서울/오산화성선,흥덕IC,헌릉IC,22.9,100,100
새만금포항선의지선,익산JCT,완주JCT,10.3,100,100
호남선지선,논산JCT,벌곡휴게소 인근,23.9,100,100
호남선지선,벌곡휴게소 인근,계룡IC 인근,3.3,80,80
호남선지선,계룡IC 인근,회덕JCT,26.72,100,100
고창담양선,고창JCT,대덕JCT,42.3,100,100
대전남부순환선,서대전JCT,산내JCT,13.28,100,100
상주영천선,낙동JCT,영천JCT,94,100,100
수도권제2순환선(화도~양평),화도JCT,양평IC,17.6,100,100
수도권제2순환선(포천~화도),소흘JCT,화도JCT,28.7,100,100
수도권제2순환선(양주~포천),양주IC,소흘JCT,6,100,100
수도권제2순환선(파주~양주),법원IC,양주IC,19.6,100,100
수도권제2순환선(인천~김포),인천항고가교,원창지하차도,7.6,80,80
수도권제2순환선(인천~김포),원창지하차도,서김포통진,21.3,100,100
수도권제2순환선(봉담~동탄),서오산JCT,동탄JCT,9.26,100,100
수도권제2순환선(이천~오산),동탄JCT,곤지암JCT,31.3,100,100
중부내륙선지선,현풍JCT,금호JCT,30,100,100
광주외곽순환선,남광산IC,남장성JCT,9.7,100,100
중앙선지선,김해JCT,양산JCT,17.42,100,100
부산외곽순환선,진영JCT,기장JCT,48.8,100,100
대구외곽순환선,달서IC,동명동호JCT,20.3,80,80
대구외곽순환선,서변IC,상매JCT,12.1,80,80
